[2026-07-06 10:27:52][INFO] 连接池初始化完成，初始连接数: 3
[2026-07-06 10:28:09][INFO] 用户登录成功: admin
[2026-07-06 10:29:55][INFO] 用户登录成功: admin
[2026-07-06 10:32:14][ERROR] 创建数据库连接失败
com.microsoft.sqlserver.jdbc.SQLServerException: Read timed out ClientConnectionId:d71f8e40-8509-4c52-a816-f44a928299b9
	at com.microsoft.sqlserver.jdbc.SQLServerConnection.terminate(SQLServerConnection.java:4271)
	at com.microsoft.sqlserver.jdbc.TDSChannel.read(IOBuffer.java:2175)
	at com.microsoft.sqlserver.jdbc.TDSReader.readPacket(IOBuffer.java:6895)
	at com.microsoft.sqlserver.jdbc.TDSCommand.startResponse(IOBuffer.java:8147)
	at com.microsoft.sqlserver.jdbc.TDSCommand.startResponse(IOBuffer.java:8110)
	at com.microsoft.sqlserver.jdbc.SQLServerConnection.sendLogon(SQLServerConnection.java:6886)
	at com.microsoft.sqlserver.jdbc.SQLServerConnection.logon(SQLServerConnection.java:5434)
	at com.microsoft.sqlserver.jdbc.SQLServerConnection$LogonCommand.doExecute(SQLServerConnection.java:5366)
	at com.microsoft.sqlserver.jdbc.TDSCommand.execute(IOBuffer.java:7745)
	at com.microsoft.sqlserver.jdbc.SQLServerConnection.executeCommand(SQLServerConnection.java:4391)
	at com.microsoft.sqlserver.jdbc.SQLServerConnection.connectHelper(SQLServerConnection.java:3828)
	at com.microsoft.sqlserver.jdbc.SQLServerConnection.login(SQLServerConnection.java:3385)
	at com.microsoft.sqlserver.jdbc.SQLServerConnection.connectInternal(SQLServerConnection.java:3194)
	at com.microsoft.sqlserver.jdbc.SQLServerConnection.connect(SQLServerConnection.java:1971)
	at com.microsoft.sqlserver.jdbc.SQLServerDriver.connect(SQLServerDriver.java:1263)
	at java.sql/java.sql.DriverManager.getConnection(DriverManager.java:613)
	at java.sql/java.sql.DriverManager.getConnection(DriverManager.java:199)
	at util.ConnectionPool.createNewConnection(ConnectionPool.java:69)
	at util.ConnectionPool.initializePool(ConnectionPool.java:55)
	at util.ConnectionPool.<init>(ConnectionPool.java:48)
	at util.DBUtil.<clinit>(DBUtil.java:39)
	at ui.LoginFrame.<init>(LoginFrame.java:36)
	at Main.lambda$main$0(Main.java:29)
	at java.desktop/java.awt.event.InvocationEvent.dispatch(InvocationEvent.java:323)
	at java.desktop/java.awt.EventQueue.dispatchEventImpl(EventQueue.java:723)
	at java.desktop/java.awt.EventQueue.dispatchEvent(EventQueue.java:702)
	at java.desktop/java.awt.EventDispatchThread.pumpOneEventForFilters(EventDispatchThread.java:203)
	at java.desktop/java.awt.EventDispatchThread.pumpEventsForFilter(EventDispatchThread.java:124)
	at java.desktop/java.awt.EventDispatchThread.pumpEventsForHierarchy(EventDispatchThread.java:113)
	at java.desktop/java.awt.EventDispatchThread.pumpEvents(EventDispatchThread.java:109)
	at java.desktop/java.awt.EventDispatchThread.pumpEvents(EventDispatchThread.java:101)
	at java.desktop/java.awt.EventDispatchThread.run(EventDispatchThread.java:90)
Caused by: java.net.SocketTimeoutException: Read timed out
	at java.base/sun.nio.ch.NioSocketImpl.timedRead(NioSocketImpl.java:277)
	at java.base/sun.nio.ch.NioSocketImpl.implRead(NioSocketImpl.java:302)
	at java.base/sun.nio.ch.NioSocketImpl.read(NioSocketImpl.java:354)
	at java.base/sun.nio.ch.NioSocketImpl$1.read(NioSocketImpl.java:798)
	at java.base/java.net.Socket$SocketInputStream.implRead(Socket.java:974)
	at java.base/java.net.Socket$SocketInputStream.read(Socket.java:964)
	at com.microsoft.sqlserver.jdbc.TDSChannel$ProxyInputStream.readInternal(IOBuffer.java:1206)
	at com.microsoft.sqlserver.jdbc.TDSChannel$ProxyInputStream.read(IOBuffer.java:1192)
	at com.microsoft.sqlserver.jdbc.TDSChannel.read(IOBuffer.java:2166)
	... 30 more
[2026-07-06 10:32:14][ERROR] 创建数据库连接失败
com.microsoft.sqlserver.jdbc.SQLServerException: Read timed out ClientConnectionId:283a46fd-fd11-48c3-9c2f-7ad443c240cc
	at com.microsoft.sqlserver.jdbc.SQLServerConnection.terminate(SQLServerConnection.java:4271)
	at com.microsoft.sqlserver.jdbc.TDSChannel.read(IOBuffer.java:2175)
	at com.microsoft.sqlserver.jdbc.TDSReader.readPacket(IOBuffer.java:6895)
	at com.microsoft.sqlserver.jdbc.TDSCommand.startResponse(IOBuffer.java:8147)
	at com.microsoft.sqlserver.jdbc.TDSCommand.startResponse(IOBuffer.java:8110)
	at com.microsoft.sqlserver.jdbc.SQLServerConnection.sendLogon(SQLServerConnection.java:6886)
	at com.microsoft.sqlserver.jdbc.SQLServerConnection.logon(SQLServerConnection.java:5434)
	at com.microsoft.sqlserver.jdbc.SQLServerConnection$LogonCommand.doExecute(SQLServerConnection.java:5366)
	at com.microsoft.sqlserver.jdbc.TDSCommand.execute(IOBuffer.java:7745)
	at com.microsoft.sqlserver.jdbc.SQLServerConnection.executeCommand(SQLServerConnection.java:4391)
	at com.microsoft.sqlserver.jdbc.SQLServerConnection.connectHelper(SQLServerConnection.java:3828)
	at com.microsoft.sqlserver.jdbc.SQLServerConnection.login(SQLServerConnection.java:3385)
	at com.microsoft.sqlserver.jdbc.SQLServerConnection.connectInternal(SQLServerConnection.java:3194)
	at com.microsoft.sqlserver.jdbc.SQLServerConnection.connect(SQLServerConnection.java:1971)
	at com.microsoft.sqlserver.jdbc.SQLServerDriver.connect(SQLServerDriver.java:1263)
	at java.sql/java.sql.DriverManager.getConnection(DriverManager.java:613)
	at java.sql/java.sql.DriverManager.getConnection(DriverManager.java:199)
	at util.ConnectionPool.createNewConnection(ConnectionPool.java:69)
	at util.ConnectionPool.initializePool(ConnectionPool.java:55)
	at util.ConnectionPool.<init>(ConnectionPool.java:48)
	at util.DBUtil.<clinit>(DBUtil.java:39)
	at ui.LoginFrame.<init>(LoginFrame.java:36)
	at Main.lambda$main$0(Main.java:29)
	at java.desktop/java.awt.event.InvocationEvent.dispatch(InvocationEvent.java:323)
	at java.desktop/java.awt.EventQueue.dispatchEventImpl(EventQueue.java:723)
	at java.desktop/java.awt.EventQueue.dispatchEvent(EventQueue.java:702)
	at java.desktop/java.awt.EventDispatchThread.pumpOneEventForFilters(EventDispatchThread.java:203)
	at java.desktop/java.awt.EventDispatchThread.pumpEventsForFilter(EventDispatchThread.java:124)
	at java.desktop/java.awt.EventDispatchThread.pumpEventsForHierarchy(EventDispatchThread.java:113)
	at java.desktop/java.awt.EventDispatchThread.pumpEvents(EventDispatchThread.java:109)
	at java.desktop/java.awt.EventDispatchThread.pumpEvents(EventDispatchThread.java:101)
	at java.desktop/java.awt.EventDispatchThread.run(EventDispatchThread.java:90)
Caused by: java.net.SocketTimeoutException: Read timed out
	at java.base/sun.nio.ch.NioSocketImpl.timedRead(NioSocketImpl.java:277)
	at java.base/sun.nio.ch.NioSocketImpl.implRead(NioSocketImpl.java:302)
	at java.base/sun.nio.ch.NioSocketImpl.read(NioSocketImpl.java:354)
	at java.base/sun.nio.ch.NioSocketImpl$1.read(NioSocketImpl.java:798)
	at java.base/java.net.Socket$SocketInputStream.implRead(Socket.java:974)
	at java.base/java.net.Socket$SocketInputStream.read(Socket.java:964)
	at com.microsoft.sqlserver.jdbc.TDSChannel$ProxyInputStream.readInternal(IOBuffer.java:1206)
	at com.microsoft.sqlserver.jdbc.TDSChannel$ProxyInputStream.read(IOBuffer.java:1192)
	at com.microsoft.sqlserver.jdbc.TDSChannel.read(IOBuffer.java:2166)
	... 30 more
[2026-07-06 10:32:14][ERROR] 创建数据库连接失败
com.microsoft.sqlserver.jdbc.SQLServerException: Read timed out ClientConnectionId:d4e1a6cb-0ab2-4cef-b225-ee5de64a9ce4
	at com.microsoft.sqlserver.jdbc.SQLServerConnection.terminate(SQLServerConnection.java:4271)
	at com.microsoft.sqlserver.jdbc.TDSChannel.read(IOBuffer.java:2175)
	at com.microsoft.sqlserver.jdbc.TDSReader.readPacket(IOBuffer.java:6895)
	at com.microsoft.sqlserver.jdbc.TDSCommand.startResponse(IOBuffer.java:8147)
	at com.microsoft.sqlserver.jdbc.TDSCommand.startResponse(IOBuffer.java:8110)
	at com.microsoft.sqlserver.jdbc.SQLServerConnection.sendLogon(SQLServerConnection.java:6886)
	at com.microsoft.sqlserver.jdbc.SQLServerConnection.logon(SQLServerConnection.java:5434)
	at com.microsoft.sqlserver.jdbc.SQLServerConnection$LogonCommand.doExecute(SQLServerConnection.java:5366)
	at com.microsoft.sqlserver.jdbc.TDSCommand.execute(IOBuffer.java:7745)
	at com.microsoft.sqlserver.jdbc.SQLServerConnection.executeCommand(SQLServerConnection.java:4391)
	at com.microsoft.sqlserver.jdbc.SQLServerConnection.connectHelper(SQLServerConnection.java:3828)
	at com.microsoft.sqlserver.jdbc.SQLServerConnection.login(SQLServerConnection.java:3385)
	at com.microsoft.sqlserver.jdbc.SQLServerConnection.connectInternal(SQLServerConnection.java:3194)
	at com.microsoft.sqlserver.jdbc.SQLServerConnection.connect(SQLServerConnection.java:1971)
	at com.microsoft.sqlserver.jdbc.SQLServerDriver.connect(SQLServerDriver.java:1263)
	at java.sql/java.sql.DriverManager.getConnection(DriverManager.java:613)
	at java.sql/java.sql.DriverManager.getConnection(DriverManager.java:199)
	at util.ConnectionPool.createNewConnection(ConnectionPool.java:69)
	at util.ConnectionPool.initializePool(ConnectionPool.java:55)
	at util.ConnectionPool.<init>(ConnectionPool.java:48)
	at util.DBUtil.<clinit>(DBUtil.java:39)
	at ui.LoginFrame.<init>(LoginFrame.java:36)
	at Main.lambda$main$0(Main.java:29)
	at java.desktop/java.awt.event.InvocationEvent.dispatch(InvocationEvent.java:323)
	at java.desktop/java.awt.EventQueue.dispatchEventImpl(EventQueue.java:723)
	at java.desktop/java.awt.EventQueue.dispatchEvent(EventQueue.java:702)
	at java.desktop/java.awt.EventDispatchThread.pumpOneEventForFilters(EventDispatchThread.java:203)
	at java.desktop/java.awt.EventDispatchThread.pumpEventsForFilter(EventDispatchThread.java:124)
	at java.desktop/java.awt.EventDispatchThread.pumpEventsForHierarchy(EventDispatchThread.java:113)
	at java.desktop/java.awt.EventDispatchThread.pumpEvents(EventDispatchThread.java:109)
	at java.desktop/java.awt.EventDispatchThread.pumpEvents(EventDispatchThread.java:101)
	at java.desktop/java.awt.EventDispatchThread.run(EventDispatchThread.java:90)
Caused by: java.net.SocketTimeoutException: Read timed out
	at java.base/sun.nio.ch.NioSocketImpl.timedRead(NioSocketImpl.java:277)
	at java.base/sun.nio.ch.NioSocketImpl.implRead(NioSocketImpl.java:302)
	at java.base/sun.nio.ch.NioSocketImpl.read(NioSocketImpl.java:354)
	at java.base/sun.nio.ch.NioSocketImpl$1.read(NioSocketImpl.java:798)
	at java.base/java.net.Socket$SocketInputStream.implRead(Socket.java:974)
	at java.base/java.net.Socket$SocketInputStream.read(Socket.java:964)
	at com.microsoft.sqlserver.jdbc.TDSChannel$ProxyInputStream.readInternal(IOBuffer.java:1206)
	at com.microsoft.sqlserver.jdbc.TDSChannel$ProxyInputStream.read(IOBuffer.java:1192)
	at com.microsoft.sqlserver.jdbc.TDSChannel.read(IOBuffer.java:2166)
	... 30 more
[2026-07-06 10:32:14][INFO] 连接池初始化完成，初始连接数: 0
[2026-07-06 10:32:14][ERROR] 创建数据库连接失败
com.microsoft.sqlserver.jdbc.SQLServerException: Read timed out ClientConnectionId:c78ed2f5-404e-4b1b-ac6f-106b9cc7ee78
	at com.microsoft.sqlserver.jdbc.SQLServerConnection.terminate(SQLServerConnection.java:4271)
	at com.microsoft.sqlserver.jdbc.TDSChannel.read(IOBuffer.java:2175)
	at com.microsoft.sqlserver.jdbc.SQLServerConnection.prelogin(SQLServerConnection.java:3981)
	at com.microsoft.sqlserver.jdbc.SQLServerConnection.connectHelper(SQLServerConnection.java:3793)
	at com.microsoft.sqlserver.jdbc.SQLServerConnection.login(SQLServerConnection.java:3385)
	at com.microsoft.sqlserver.jdbc.SQLServerConnection.connectInternal(SQLServerConnection.java:3194)
	at com.microsoft.sqlserver.jdbc.SQLServerConnection.connect(SQLServerConnection.java:1971)
	at com.microsoft.sqlserver.jdbc.SQLServerDriver.connect(SQLServerDriver.java:1263)
	at java.sql/java.sql.DriverManager.getConnection(DriverManager.java:613)
	at java.sql/java.sql.DriverManager.getConnection(DriverManager.java:199)
	at util.ConnectionPool.createNewConnection(ConnectionPool.java:69)
	at util.ConnectionPool.getConnection(ConnectionPool.java:86)
	at util.DBUtil.getConnection(DBUtil.java:53)
	at util.DBUtil.testConnection(DBUtil.java:75)
	at ui.LoginFrame.<init>(LoginFrame.java:36)
	at Main.lambda$main$0(Main.java:29)
	at java.desktop/java.awt.event.InvocationEvent.dispatch(InvocationEvent.java:323)
	at java.desktop/java.awt.EventQueue.dispatchEventImpl(EventQueue.java:723)
	at java.desktop/java.awt.EventQueue.dispatchEvent(EventQueue.java:702)
	at java.desktop/java.awt.EventDispatchThread.pumpOneEventForFilters(EventDispatchThread.java:203)
	at java.desktop/java.awt.EventDispatchThread.pumpEventsForFilter(EventDispatchThread.java:124)
	at java.desktop/java.awt.EventDispatchThread.pumpEventsForHierarchy(EventDispatchThread.java:113)
	at java.desktop/java.awt.EventDispatchThread.pumpEvents(EventDispatchThread.java:109)
	at java.desktop/java.awt.EventDispatchThread.pumpEvents(EventDispatchThread.java:101)
	at java.desktop/java.awt.EventDispatchThread.run(EventDispatchThread.java:90)
Caused by: java.net.SocketTimeoutException: Read timed out
	at java.base/sun.nio.ch.NioSocketImpl.timedRead(NioSocketImpl.java:277)
	at java.base/sun.nio.ch.NioSocketImpl.implRead(NioSocketImpl.java:302)
	at java.base/sun.nio.ch.NioSocketImpl.read(NioSocketImpl.java:354)
	at java.base/sun.nio.ch.NioSocketImpl$1.read(NioSocketImpl.java:798)
	at java.base/java.net.Socket$SocketInputStream.implRead(Socket.java:974)
	at java.base/java.net.Socket$SocketInputStream.read(Socket.java:964)
	at com.microsoft.sqlserver.jdbc.TDSChannel$ProxyInputStream.readInternal(IOBuffer.java:1206)
	at com.microsoft.sqlserver.jdbc.TDSChannel$ProxyInputStream.read(IOBuffer.java:1192)
	at com.microsoft.sqlserver.jdbc.TDSChannel.read(IOBuffer.java:2166)
	... 23 more
[2026-07-06 10:32:14][ERROR] 数据库连接测试失败
java.sql.SQLException: 无法获取数据库连接，连接池已满
	at util.ConnectionPool.getConnection(ConnectionPool.java:90)
	at util.DBUtil.getConnection(DBUtil.java:53)
	at util.DBUtil.testConnection(DBUtil.java:75)
	at ui.LoginFrame.<init>(LoginFrame.java:36)
	at Main.lambda$main$0(Main.java:29)
	at java.desktop/java.awt.event.InvocationEvent.dispatch(InvocationEvent.java:323)
	at java.desktop/java.awt.EventQueue.dispatchEventImpl(EventQueue.java:723)
	at java.desktop/java.awt.EventQueue.dispatchEvent(EventQueue.java:702)
	at java.desktop/java.awt.EventDispatchThread.pumpOneEventForFilters(EventDispatchThread.java:203)
	at java.desktop/java.awt.EventDispatchThread.pumpEventsForFilter(EventDispatchThread.java:124)
	at java.desktop/java.awt.EventDispatchThread.pumpEventsForHierarchy(EventDispatchThread.java:113)
	at java.desktop/java.awt.EventDispatchThread.pumpEvents(EventDispatchThread.java:109)
	at java.desktop/java.awt.EventDispatchThread.pumpEvents(EventDispatchThread.java:101)
	at java.desktop/java.awt.EventDispatchThread.run(EventDispatchThread.java:90)
[2026-07-06 10:32:35][ERROR] 创建数据库连接失败
com.microsoft.sqlserver.jdbc.SQLServerException: Read timed out ClientConnectionId:db1afd15-5062-4996-a5f9-b4fa8011562d
	at com.microsoft.sqlserver.jdbc.SQLServerConnection.terminate(SQLServerConnection.java:4271)
	at com.microsoft.sqlserver.jdbc.TDSChannel.read(IOBuffer.java:2175)
	at com.microsoft.sqlserver.jdbc.SQLServerConnection.prelogin(SQLServerConnection.java:3981)
	at com.microsoft.sqlserver.jdbc.SQLServerConnection.connectHelper(SQLServerConnection.java:3793)
	at com.microsoft.sqlserver.jdbc.SQLServerConnection.login(SQLServerConnection.java:3385)
	at com.microsoft.sqlserver.jdbc.SQLServerConnection.connectInternal(SQLServerConnection.java:3194)
	at com.microsoft.sqlserver.jdbc.SQLServerConnection.connect(SQLServerConnection.java:1971)
	at com.microsoft.sqlserver.jdbc.SQLServerDriver.connect(SQLServerDriver.java:1263)
	at java.sql/java.sql.DriverManager.getConnection(DriverManager.java:613)
	at java.sql/java.sql.DriverManager.getConnection(DriverManager.java:199)
	at util.ConnectionPool.createNewConnection(ConnectionPool.java:69)
	at util.ConnectionPool.initializePool(ConnectionPool.java:55)
	at util.ConnectionPool.<init>(ConnectionPool.java:48)
	at util.DBUtil.<clinit>(DBUtil.java:39)
	at ui.LoginFrame.<init>(LoginFrame.java:36)
	at Main.lambda$main$0(Main.java:29)
	at java.desktop/java.awt.event.InvocationEvent.dispatch(InvocationEvent.java:323)
	at java.desktop/java.awt.EventQueue.dispatchEventImpl(EventQueue.java:723)
	at java.desktop/java.awt.EventQueue.dispatchEvent(EventQueue.java:702)
	at java.desktop/java.awt.EventDispatchThread.pumpOneEventForFilters(EventDispatchThread.java:203)
	at java.desktop/java.awt.EventDispatchThread.pumpEventsForFilter(EventDispatchThread.java:124)
	at java.desktop/java.awt.EventDispatchThread.pumpEventsForHierarchy(EventDispatchThread.java:113)
	at java.desktop/java.awt.EventDispatchThread.pumpEvents(EventDispatchThread.java:109)
	at java.desktop/java.awt.EventDispatchThread.pumpEvents(EventDispatchThread.java:101)
	at java.desktop/java.awt.EventDispatchThread.run(EventDispatchThread.java:90)
Caused by: java.net.SocketTimeoutException: Read timed out
	at java.base/sun.nio.ch.NioSocketImpl.timedRead(NioSocketImpl.java:277)
	at java.base/sun.nio.ch.NioSocketImpl.implRead(NioSocketImpl.java:302)
	at java.base/sun.nio.ch.NioSocketImpl.read(NioSocketImpl.java:354)
	at java.base/sun.nio.ch.NioSocketImpl$1.read(NioSocketImpl.java:798)
	at java.base/java.net.Socket$SocketInputStream.implRead(Socket.java:974)
	at java.base/java.net.Socket$SocketInputStream.read(Socket.java:964)
	at com.microsoft.sqlserver.jdbc.TDSChannel$ProxyInputStream.readInternal(IOBuffer.java:1206)
	at com.microsoft.sqlserver.jdbc.TDSChannel$ProxyInputStream.read(IOBuffer.java:1192)
	at com.microsoft.sqlserver.jdbc.TDSChannel.read(IOBuffer.java:2166)
	... 23 more
[2026-07-06 10:32:35][ERROR] 创建数据库连接失败
com.microsoft.sqlserver.jdbc.SQLServerException: Read timed out ClientConnectionId:7228605b-d604-40a6-aa40-e3e134986e8d
	at com.microsoft.sqlserver.jdbc.SQLServerConnection.terminate(SQLServerConnection.java:4271)
	at com.microsoft.sqlserver.jdbc.TDSChannel.read(IOBuffer.java:2175)
	at com.microsoft.sqlserver.jdbc.SQLServerConnection.prelogin(SQLServerConnection.java:3981)
	at com.microsoft.sqlserver.jdbc.SQLServerConnection.connectHelper(SQLServerConnection.java:3793)
	at com.microsoft.sqlserver.jdbc.SQLServerConnection.login(SQLServerConnection.java:3385)
	at com.microsoft.sqlserver.jdbc.SQLServerConnection.connectInternal(SQLServerConnection.java:3194)
	at com.microsoft.sqlserver.jdbc.SQLServerConnection.connect(SQLServerConnection.java:1971)
	at com.microsoft.sqlserver.jdbc.SQLServerDriver.connect(SQLServerDriver.java:1263)
	at java.sql/java.sql.DriverManager.getConnection(DriverManager.java:613)
	at java.sql/java.sql.DriverManager.getConnection(DriverManager.java:199)
	at util.ConnectionPool.createNewConnection(ConnectionPool.java:69)
	at util.ConnectionPool.initializePool(ConnectionPool.java:55)
	at util.ConnectionPool.<init>(ConnectionPool.java:48)
	at util.DBUtil.<clinit>(DBUtil.java:39)
	at ui.LoginFrame.<init>(LoginFrame.java:36)
	at Main.lambda$main$0(Main.java:29)
	at java.desktop/java.awt.event.InvocationEvent.dispatch(InvocationEvent.java:323)
	at java.desktop/java.awt.EventQueue.dispatchEventImpl(EventQueue.java:723)
	at java.desktop/java.awt.EventQueue.dispatchEvent(EventQueue.java:702)
	at java.desktop/java.awt.EventDispatchThread.pumpOneEventForFilters(EventDispatchThread.java:203)
	at java.desktop/java.awt.EventDispatchThread.pumpEventsForFilter(EventDispatchThread.java:124)
	at java.desktop/java.awt.EventDispatchThread.pumpEventsForHierarchy(EventDispatchThread.java:113)
	at java.desktop/java.awt.EventDispatchThread.pumpEvents(EventDispatchThread.java:109)
	at java.desktop/java.awt.EventDispatchThread.pumpEvents(EventDispatchThread.java:101)
	at java.desktop/java.awt.EventDispatchThread.run(EventDispatchThread.java:90)
Caused by: java.net.SocketTimeoutException: Read timed out
	at java.base/sun.nio.ch.NioSocketImpl.timedRead(NioSocketImpl.java:277)
	at java.base/sun.nio.ch.NioSocketImpl.implRead(NioSocketImpl.java:302)
	at java.base/sun.nio.ch.NioSocketImpl.read(NioSocketImpl.java:354)
	at java.base/sun.nio.ch.NioSocketImpl$1.read(NioSocketImpl.java:798)
	at java.base/java.net.Socket$SocketInputStream.implRead(Socket.java:974)
	at java.base/java.net.Socket$SocketInputStream.read(Socket.java:964)
	at com.microsoft.sqlserver.jdbc.TDSChannel$ProxyInputStream.readInternal(IOBuffer.java:1206)
	at com.microsoft.sqlserver.jdbc.TDSChannel$ProxyInputStream.read(IOBuffer.java:1192)
	at com.microsoft.sqlserver.jdbc.TDSChannel.read(IOBuffer.java:2166)
	... 23 more
[2026-07-06 10:32:35][ERROR] 创建数据库连接失败
com.microsoft.sqlserver.jdbc.SQLServerException: Read timed out ClientConnectionId:da88bdf3-3072-4962-916c-b944798497ab
	at com.microsoft.sqlserver.jdbc.SQLServerConnection.terminate(SQLServerConnection.java:4271)
	at com.microsoft.sqlserver.jdbc.TDSChannel.read(IOBuffer.java:2175)
	at com.microsoft.sqlserver.jdbc.SQLServerConnection.prelogin(SQLServerConnection.java:3981)
	at com.microsoft.sqlserver.jdbc.SQLServerConnection.connectHelper(SQLServerConnection.java:3793)
	at com.microsoft.sqlserver.jdbc.SQLServerConnection.login(SQLServerConnection.java:3385)
	at com.microsoft.sqlserver.jdbc.SQLServerConnection.connectInternal(SQLServerConnection.java:3194)
	at com.microsoft.sqlserver.jdbc.SQLServerConnection.connect(SQLServerConnection.java:1971)
	at com.microsoft.sqlserver.jdbc.SQLServerDriver.connect(SQLServerDriver.java:1263)
	at java.sql/java.sql.DriverManager.getConnection(DriverManager.java:613)
	at java.sql/java.sql.DriverManager.getConnection(DriverManager.java:199)
	at util.ConnectionPool.createNewConnection(ConnectionPool.java:69)
	at util.ConnectionPool.initializePool(ConnectionPool.java:55)
	at util.ConnectionPool.<init>(ConnectionPool.java:48)
	at util.DBUtil.<clinit>(DBUtil.java:39)
	at ui.LoginFrame.<init>(LoginFrame.java:36)
	at Main.lambda$main$0(Main.java:29)
	at java.desktop/java.awt.event.InvocationEvent.dispatch(InvocationEvent.java:323)
	at java.desktop/java.awt.EventQueue.dispatchEventImpl(EventQueue.java:723)
	at java.desktop/java.awt.EventQueue.dispatchEvent(EventQueue.java:702)
	at java.desktop/java.awt.EventDispatchThread.pumpOneEventForFilters(EventDispatchThread.java:203)
	at java.desktop/java.awt.EventDispatchThread.pumpEventsForFilter(EventDispatchThread.java:124)
	at java.desktop/java.awt.EventDispatchThread.pumpEventsForHierarchy(EventDispatchThread.java:113)
	at java.desktop/java.awt.EventDispatchThread.pumpEvents(EventDispatchThread.java:109)
	at java.desktop/java.awt.EventDispatchThread.pumpEvents(EventDispatchThread.java:101)
	at java.desktop/java.awt.EventDispatchThread.run(EventDispatchThread.java:90)
Caused by: java.net.SocketTimeoutException: Read timed out
	at java.base/sun.nio.ch.NioSocketImpl.timedRead(NioSocketImpl.java:277)
	at java.base/sun.nio.ch.NioSocketImpl.implRead(NioSocketImpl.java:302)
	at java.base/sun.nio.ch.NioSocketImpl.read(NioSocketImpl.java:354)
	at java.base/sun.nio.ch.NioSocketImpl$1.read(NioSocketImpl.java:798)
	at java.base/java.net.Socket$SocketInputStream.implRead(Socket.java:974)
	at java.base/java.net.Socket$SocketInputStream.read(Socket.java:964)
	at com.microsoft.sqlserver.jdbc.TDSChannel$ProxyInputStream.readInternal(IOBuffer.java:1206)
	at com.microsoft.sqlserver.jdbc.TDSChannel$ProxyInputStream.read(IOBuffer.java:1192)
	at com.microsoft.sqlserver.jdbc.TDSChannel.read(IOBuffer.java:2166)
	... 23 more
[2026-07-06 10:32:35][INFO] 连接池初始化完成，初始连接数: 0
[2026-07-06 10:32:36][ERROR] 创建数据库连接失败
com.microsoft.sqlserver.jdbc.SQLServerException: Read timed out ClientConnectionId:c37620f8-c2d9-4b47-b172-82dfba11e8a3
	at com.microsoft.sqlserver.jdbc.SQLServerConnection.terminate(SQLServerConnection.java:4271)
	at com.microsoft.sqlserver.jdbc.TDSChannel.read(IOBuffer.java:2175)
	at com.microsoft.sqlserver.jdbc.SQLServerConnection.prelogin(SQLServerConnection.java:3981)
	at com.microsoft.sqlserver.jdbc.SQLServerConnection.connectHelper(SQLServerConnection.java:3793)
	at com.microsoft.sqlserver.jdbc.SQLServerConnection.login(SQLServerConnection.java:3385)
	at com.microsoft.sqlserver.jdbc.SQLServerConnection.connectInternal(SQLServerConnection.java:3194)
	at com.microsoft.sqlserver.jdbc.SQLServerConnection.connect(SQLServerConnection.java:1971)
	at com.microsoft.sqlserver.jdbc.SQLServerDriver.connect(SQLServerDriver.java:1263)
	at java.sql/java.sql.DriverManager.getConnection(DriverManager.java:613)
	at java.sql/java.sql.DriverManager.getConnection(DriverManager.java:199)
	at util.ConnectionPool.createNewConnection(ConnectionPool.java:69)
	at util.ConnectionPool.getConnection(ConnectionPool.java:86)
	at util.DBUtil.getConnection(DBUtil.java:53)
	at util.DBUtil.testConnection(DBUtil.java:75)
	at ui.LoginFrame.<init>(LoginFrame.java:36)
	at Main.lambda$main$0(Main.java:29)
	at java.desktop/java.awt.event.InvocationEvent.dispatch(InvocationEvent.java:323)
	at java.desktop/java.awt.EventQueue.dispatchEventImpl(EventQueue.java:723)
	at java.desktop/java.awt.EventQueue.dispatchEvent(EventQueue.java:702)
	at java.desktop/java.awt.EventDispatchThread.pumpOneEventForFilters(EventDispatchThread.java:203)
	at java.desktop/java.awt.EventDispatchThread.pumpEventsForFilter(EventDispatchThread.java:124)
	at java.desktop/java.awt.EventDispatchThread.pumpEventsForHierarchy(EventDispatchThread.java:113)
	at java.desktop/java.awt.EventDispatchThread.pumpEvents(EventDispatchThread.java:109)
	at java.desktop/java.awt.EventDispatchThread.pumpEvents(EventDispatchThread.java:101)
	at java.desktop/java.awt.EventDispatchThread.run(EventDispatchThread.java:90)
Caused by: java.net.SocketTimeoutException: Read timed out
	at java.base/sun.nio.ch.NioSocketImpl.timedRead(NioSocketImpl.java:277)
	at java.base/sun.nio.ch.NioSocketImpl.implRead(NioSocketImpl.java:302)
	at java.base/sun.nio.ch.NioSocketImpl.read(NioSocketImpl.java:354)
	at java.base/sun.nio.ch.NioSocketImpl$1.read(NioSocketImpl.java:798)
	at java.base/java.net.Socket$SocketInputStream.implRead(Socket.java:974)
	at java.base/java.net.Socket$SocketInputStream.read(Socket.java:964)
	at com.microsoft.sqlserver.jdbc.TDSChannel$ProxyInputStream.readInternal(IOBuffer.java:1206)
	at com.microsoft.sqlserver.jdbc.TDSChannel$ProxyInputStream.read(IOBuffer.java:1192)
	at com.microsoft.sqlserver.jdbc.TDSChannel.read(IOBuffer.java:2166)
	... 23 more
[2026-07-06 10:32:36][ERROR] 数据库连接测试失败
java.sql.SQLException: 无法获取数据库连接，连接池已满
	at util.ConnectionPool.getConnection(ConnectionPool.java:90)
	at util.DBUtil.getConnection(DBUtil.java:53)
	at util.DBUtil.testConnection(DBUtil.java:75)
	at ui.LoginFrame.<init>(LoginFrame.java:36)
	at Main.lambda$main$0(Main.java:29)
	at java.desktop/java.awt.event.InvocationEvent.dispatch(InvocationEvent.java:323)
	at java.desktop/java.awt.EventQueue.dispatchEventImpl(EventQueue.java:723)
	at java.desktop/java.awt.EventQueue.dispatchEvent(EventQueue.java:702)
	at java.desktop/java.awt.EventDispatchThread.pumpOneEventForFilters(EventDispatchThread.java:203)
	at java.desktop/java.awt.EventDispatchThread.pumpEventsForFilter(EventDispatchThread.java:124)
	at java.desktop/java.awt.EventDispatchThread.pumpEventsForHierarchy(EventDispatchThread.java:113)
	at java.desktop/java.awt.EventDispatchThread.pumpEvents(EventDispatchThread.java:109)
	at java.desktop/java.awt.EventDispatchThread.pumpEvents(EventDispatchThread.java:101)
	at java.desktop/java.awt.EventDispatchThread.run(EventDispatchThread.java:90)
[2026-07-06 10:32:48][ERROR] 创建数据库连接失败
com.microsoft.sqlserver.jdbc.SQLServerException: Read timed out ClientConnectionId:f981142f-6eb9-4d98-a8d8-7492695bdb15
	at com.microsoft.sqlserver.jdbc.SQLServerConnection.terminate(SQLServerConnection.java:4271)
	at com.microsoft.sqlserver.jdbc.TDSChannel.read(IOBuffer.java:2175)
	at com.microsoft.sqlserver.jdbc.TDSReader.readPacket(IOBuffer.java:6895)
	at com.microsoft.sqlserver.jdbc.TDSCommand.startResponse(IOBuffer.java:8147)
	at com.microsoft.sqlserver.jdbc.TDSCommand.startResponse(IOBuffer.java:8110)
	at com.microsoft.sqlserver.jdbc.SQLServerConnection.sendLogon(SQLServerConnection.java:6886)
	at com.microsoft.sqlserver.jdbc.SQLServerConnection.logon(SQLServerConnection.java:5434)
	at com.microsoft.sqlserver.jdbc.SQLServerConnection$LogonCommand.doExecute(SQLServerConnection.java:5366)
	at com.microsoft.sqlserver.jdbc.TDSCommand.execute(IOBuffer.java:7745)
	at com.microsoft.sqlserver.jdbc.SQLServerConnection.executeCommand(SQLServerConnection.java:4391)
	at com.microsoft.sqlserver.jdbc.SQLServerConnection.connectHelper(SQLServerConnection.java:3828)
	at com.microsoft.sqlserver.jdbc.SQLServerConnection.login(SQLServerConnection.java:3385)
	at com.microsoft.sqlserver.jdbc.SQLServerConnection.connectInternal(SQLServerConnection.java:3194)
	at com.microsoft.sqlserver.jdbc.SQLServerConnection.connect(SQLServerConnection.java:1971)
	at com.microsoft.sqlserver.jdbc.SQLServerDriver.connect(SQLServerDriver.java:1263)
	at java.sql/java.sql.DriverManager.getConnection(DriverManager.java:613)
	at java.sql/java.sql.DriverManager.getConnection(DriverManager.java:199)
	at util.ConnectionPool.createNewConnection(ConnectionPool.java:69)
	at util.ConnectionPool.initializePool(ConnectionPool.java:55)
	at util.ConnectionPool.<init>(ConnectionPool.java:48)
	at util.DBUtil.<clinit>(DBUtil.java:39)
	at ui.LoginFrame.<init>(LoginFrame.java:36)
	at Main.lambda$main$0(Main.java:29)
	at java.desktop/java.awt.event.InvocationEvent.dispatch(InvocationEvent.java:323)
	at java.desktop/java.awt.EventQueue.dispatchEventImpl(EventQueue.java:723)
	at java.desktop/java.awt.EventQueue.dispatchEvent(EventQueue.java:702)
	at java.desktop/java.awt.EventDispatchThread.pumpOneEventForFilters(EventDispatchThread.java:203)
	at java.desktop/java.awt.EventDispatchThread.pumpEventsForFilter(EventDispatchThread.java:124)
	at java.desktop/java.awt.EventDispatchThread.pumpEventsForHierarchy(EventDispatchThread.java:113)
	at java.desktop/java.awt.EventDispatchThread.pumpEvents(EventDispatchThread.java:109)
	at java.desktop/java.awt.EventDispatchThread.pumpEvents(EventDispatchThread.java:101)
	at java.desktop/java.awt.EventDispatchThread.run(EventDispatchThread.java:90)
Caused by: java.net.SocketTimeoutException: Read timed out
	at java.base/sun.nio.ch.NioSocketImpl.timedRead(NioSocketImpl.java:277)
	at java.base/sun.nio.ch.NioSocketImpl.implRead(NioSocketImpl.java:302)
	at java.base/sun.nio.ch.NioSocketImpl.read(NioSocketImpl.java:354)
	at java.base/sun.nio.ch.NioSocketImpl$1.read(NioSocketImpl.java:798)
	at java.base/java.net.Socket$SocketInputStream.implRead(Socket.java:974)
	at java.base/java.net.Socket$SocketInputStream.read(Socket.java:964)
	at com.microsoft.sqlserver.jdbc.TDSChannel$ProxyInputStream.readInternal(IOBuffer.java:1206)
	at com.microsoft.sqlserver.jdbc.TDSChannel$ProxyInputStream.read(IOBuffer.java:1192)
	at com.microsoft.sqlserver.jdbc.TDSChannel.read(IOBuffer.java:2166)
	... 30 more
[2026-07-06 10:32:48][ERROR] 创建数据库连接失败
com.microsoft.sqlserver.jdbc.SQLServerException: “Encrypt”属性设置为“false”且 “trustServerCertificate”属性设置为“false”，但驱动程序无法使用安全套接字层 (SSL) 加密与 SQL Server 建立安全连接:错误:(unexpected_message) Read timed out ClientConnectionId:9a983afe-fde0-4e60-a7bd-d02541392705。
	at com.microsoft.sqlserver.jdbc.SQLServerConnection.terminate(SQLServerConnection.java:4271)
	at com.microsoft.sqlserver.jdbc.TDSChannel.enableSSL(IOBuffer.java:1965)
	at com.microsoft.sqlserver.jdbc.SQLServerConnection.connectHelper(SQLServerConnection.java:3797)
	at com.microsoft.sqlserver.jdbc.SQLServerConnection.login(SQLServerConnection.java:3385)
	at com.microsoft.sqlserver.jdbc.SQLServerConnection.connectInternal(SQLServerConnection.java:3194)
	at com.microsoft.sqlserver.jdbc.SQLServerConnection.connect(SQLServerConnection.java:1971)
	at com.microsoft.sqlserver.jdbc.SQLServerDriver.connect(SQLServerDriver.java:1263)
	at java.sql/java.sql.DriverManager.getConnection(DriverManager.java:613)
	at java.sql/java.sql.DriverManager.getConnection(DriverManager.java:199)
	at util.ConnectionPool.createNewConnection(ConnectionPool.java:69)
	at util.ConnectionPool.initializePool(ConnectionPool.java:55)
	at util.ConnectionPool.<init>(ConnectionPool.java:48)
	at util.DBUtil.<clinit>(DBUtil.java:39)
	at ui.LoginFrame.<init>(LoginFrame.java:36)
	at Main.lambda$main$0(Main.java:29)
	at java.desktop/java.awt.event.InvocationEvent.dispatch(InvocationEvent.java:323)
	at java.desktop/java.awt.EventQueue.dispatchEventImpl(EventQueue.java:723)
	at java.desktop/java.awt.EventQueue.dispatchEvent(EventQueue.java:702)
	at java.desktop/java.awt.EventDispatchThread.pumpOneEventForFilters(EventDispatchThread.java:203)
	at java.desktop/java.awt.EventDispatchThread.pumpEventsForFilter(EventDispatchThread.java:124)
	at java.desktop/java.awt.EventDispatchThread.pumpEventsForHierarchy(EventDispatchThread.java:113)
	at java.desktop/java.awt.EventDispatchThread.pumpEvents(EventDispatchThread.java:109)
	at java.desktop/java.awt.EventDispatchThread.pumpEvents(EventDispatchThread.java:101)
	at java.desktop/java.awt.EventDispatchThread.run(EventDispatchThread.java:90)
Caused by: javax.net.ssl.SSLException: (unexpected_message) Read timed out ClientConnectionId:9a983afe-fde0-4e60-a7bd-d02541392705
	at java.base/sun.security.ssl.Alert.createSSLException(Alert.java:126)
	at java.base/sun.security.ssl.TransportContext.fatal(TransportContext.java:376)
	at java.base/sun.security.ssl.TransportContext.fatal(TransportContext.java:319)
	at java.base/sun.security.ssl.TransportContext.fatal(TransportContext.java:314)
	at java.base/sun.security.ssl.SSLTransport.decode(SSLTransport.java:145)
	at java.base/sun.security.ssl.SSLSocketImpl.decode(SSLSocketImpl.java:1506)
	at java.base/sun.security.ssl.SSLSocketImpl.readHandshakeRecord(SSLSocketImpl.java:1421)
	at java.base/sun.security.ssl.SSLSocketImpl.startHandshake(SSLSocketImpl.java:455)
	at java.base/sun.security.ssl.SSLSocketImpl.startHandshake(SSLSocketImpl.java:426)
	at com.microsoft.sqlserver.jdbc.TDSChannel.enableSSL(IOBuffer.java:1854)
	... 22 more
Caused by: java.io.IOException: Read timed out ClientConnectionId:9a983afe-fde0-4e60-a7bd-d02541392705
	at com.microsoft.sqlserver.jdbc.TDSChannel$SSLHandshakeInputStream.ensureSSLPayload(IOBuffer.java:895)
	at com.microsoft.sqlserver.jdbc.TDSChannel$SSLHandshakeInputStream.readInternal(IOBuffer.java:949)
	at com.microsoft.sqlserver.jdbc.TDSChannel$SSLHandshakeInputStream.read(IOBuffer.java:942)
	at com.microsoft.sqlserver.jdbc.TDSChannel$ProxyInputStream.readInternal(IOBuffer.java:1206)
	at com.microsoft.sqlserver.jdbc.TDSChannel$ProxyInputStream.read(IOBuffer.java:1192)
	at java.base/sun.security.ssl.SSLSocketInputRecord.read(SSLSocketInputRecord.java:489)
	at java.base/sun.security.ssl.SSLSocketInputRecord.readHeader(SSLSocketInputRecord.java:483)
	at java.base/sun.security.ssl.SSLSocketInputRecord.decode(SSLSocketInputRecord.java:160)
	at java.base/sun.security.ssl.SSLTransport.decode(SSLTransport.java:111)
	... 27 more
[2026-07-06 10:32:48][ERROR] 创建数据库连接失败
com.microsoft.sqlserver.jdbc.SQLServerException: Read timed out ClientConnectionId:4aef8791-dcfe-4706-91c3-d5d07cdb040b
	at com.microsoft.sqlserver.jdbc.SQLServerConnection.terminate(SQLServerConnection.java:4271)
	at com.microsoft.sqlserver.jdbc.TDSChannel.read(IOBuffer.java:2175)
	at com.microsoft.sqlserver.jdbc.SQLServerConnection.prelogin(SQLServerConnection.java:3981)
	at com.microsoft.sqlserver.jdbc.SQLServerConnection.connectHelper(SQLServerConnection.java:3793)
	at com.microsoft.sqlserver.jdbc.SQLServerConnection.login(SQLServerConnection.java:3385)
	at com.microsoft.sqlserver.jdbc.SQLServerConnection.connectInternal(SQLServerConnection.java:3194)
	at com.microsoft.sqlserver.jdbc.SQLServerConnection.connect(SQLServerConnection.java:1971)
	at com.microsoft.sqlserver.jdbc.SQLServerDriver.connect(SQLServerDriver.java:1263)
	at java.sql/java.sql.DriverManager.getConnection(DriverManager.java:613)
	at java.sql/java.sql.DriverManager.getConnection(DriverManager.java:199)
	at util.ConnectionPool.createNewConnection(ConnectionPool.java:69)
	at util.ConnectionPool.initializePool(ConnectionPool.java:55)
	at util.ConnectionPool.<init>(ConnectionPool.java:48)
	at util.DBUtil.<clinit>(DBUtil.java:39)
	at ui.LoginFrame.<init>(LoginFrame.java:36)
	at Main.lambda$main$0(Main.java:29)
	at java.desktop/java.awt.event.InvocationEvent.dispatch(InvocationEvent.java:323)
	at java.desktop/java.awt.EventQueue.dispatchEventImpl(EventQueue.java:723)
	at java.desktop/java.awt.EventQueue.dispatchEvent(EventQueue.java:702)
	at java.desktop/java.awt.EventDispatchThread.pumpOneEventForFilters(EventDispatchThread.java:203)
	at java.desktop/java.awt.EventDispatchThread.pumpEventsForFilter(EventDispatchThread.java:124)
	at java.desktop/java.awt.EventDispatchThread.pumpEventsForHierarchy(EventDispatchThread.java:113)
	at java.desktop/java.awt.EventDispatchThread.pumpEvents(EventDispatchThread.java:109)
	at java.desktop/java.awt.EventDispatchThread.pumpEvents(EventDispatchThread.java:101)
	at java.desktop/java.awt.EventDispatchThread.run(EventDispatchThread.java:90)
Caused by: java.net.SocketTimeoutException: Read timed out
	at java.base/sun.nio.ch.NioSocketImpl.timedRead(NioSocketImpl.java:277)
	at java.base/sun.nio.ch.NioSocketImpl.implRead(NioSocketImpl.java:302)
	at java.base/sun.nio.ch.NioSocketImpl.read(NioSocketImpl.java:354)
	at java.base/sun.nio.ch.NioSocketImpl$1.read(NioSocketImpl.java:798)
	at java.base/java.net.Socket$SocketInputStream.implRead(Socket.java:974)
	at java.base/java.net.Socket$SocketInputStream.read(Socket.java:964)
	at com.microsoft.sqlserver.jdbc.TDSChannel$ProxyInputStream.readInternal(IOBuffer.java:1206)
	at com.microsoft.sqlserver.jdbc.TDSChannel$ProxyInputStream.read(IOBuffer.java:1192)
	at com.microsoft.sqlserver.jdbc.TDSChannel.read(IOBuffer.java:2166)
	... 23 more
[2026-07-06 10:32:48][INFO] 连接池初始化完成，初始连接数: 0
[2026-07-06 10:32:48][ERROR] 创建数据库连接失败
com.microsoft.sqlserver.jdbc.SQLServerException: “Encrypt”属性设置为“false”且 “trustServerCertificate”属性设置为“false”，但驱动程序无法使用安全套接字层 (SSL) 加密与 SQL Server 建立安全连接:错误:(unexpected_message) Read timed out ClientConnectionId:55b34d12-8689-4e2c-873c-eb3ad5067db5。
	at com.microsoft.sqlserver.jdbc.SQLServerConnection.terminate(SQLServerConnection.java:4271)
	at com.microsoft.sqlserver.jdbc.TDSChannel.enableSSL(IOBuffer.java:1965)
	at com.microsoft.sqlserver.jdbc.SQLServerConnection.connectHelper(SQLServerConnection.java:3797)
	at com.microsoft.sqlserver.jdbc.SQLServerConnection.login(SQLServerConnection.java:3385)
	at com.microsoft.sqlserver.jdbc.SQLServerConnection.connectInternal(SQLServerConnection.java:3194)
	at com.microsoft.sqlserver.jdbc.SQLServerConnection.connect(SQLServerConnection.java:1971)
	at com.microsoft.sqlserver.jdbc.SQLServerDriver.connect(SQLServerDriver.java:1263)
	at java.sql/java.sql.DriverManager.getConnection(DriverManager.java:613)
	at java.sql/java.sql.DriverManager.getConnection(DriverManager.java:199)
	at util.ConnectionPool.createNewConnection(ConnectionPool.java:69)
	at util.ConnectionPool.getConnection(ConnectionPool.java:86)
	at util.DBUtil.getConnection(DBUtil.java:53)
	at util.DBUtil.testConnection(DBUtil.java:75)
	at ui.LoginFrame.<init>(LoginFrame.java:36)
	at Main.lambda$main$0(Main.java:29)
	at java.desktop/java.awt.event.InvocationEvent.dispatch(InvocationEvent.java:323)
	at java.desktop/java.awt.EventQueue.dispatchEventImpl(EventQueue.java:723)
	at java.desktop/java.awt.EventQueue.dispatchEvent(EventQueue.java:702)
	at java.desktop/java.awt.EventDispatchThread.pumpOneEventForFilters(EventDispatchThread.java:203)
	at java.desktop/java.awt.EventDispatchThread.pumpEventsForFilter(EventDispatchThread.java:124)
	at java.desktop/java.awt.EventDispatchThread.pumpEventsForHierarchy(EventDispatchThread.java:113)
	at java.desktop/java.awt.EventDispatchThread.pumpEvents(EventDispatchThread.java:109)
	at java.desktop/java.awt.EventDispatchThread.pumpEvents(EventDispatchThread.java:101)
	at java.desktop/java.awt.EventDispatchThread.run(EventDispatchThread.java:90)
Caused by: javax.net.ssl.SSLException: (unexpected_message) Read timed out ClientConnectionId:55b34d12-8689-4e2c-873c-eb3ad5067db5
	at java.base/sun.security.ssl.Alert.createSSLException(Alert.java:126)
	at java.base/sun.security.ssl.TransportContext.fatal(TransportContext.java:376)
	at java.base/sun.security.ssl.TransportContext.fatal(TransportContext.java:319)
	at java.base/sun.security.ssl.TransportContext.fatal(TransportContext.java:314)
	at java.base/sun.security.ssl.SSLTransport.decode(SSLTransport.java:145)
	at java.base/sun.security.ssl.SSLSocketImpl.decode(SSLSocketImpl.java:1506)
	at java.base/sun.security.ssl.SSLSocketImpl.readHandshakeRecord(SSLSocketImpl.java:1421)
	at java.base/sun.security.ssl.SSLSocketImpl.startHandshake(SSLSocketImpl.java:455)
	at java.base/sun.security.ssl.SSLSocketImpl.startHandshake(SSLSocketImpl.java:426)
	at com.microsoft.sqlserver.jdbc.TDSChannel.enableSSL(IOBuffer.java:1854)
	... 22 more
Caused by: java.io.IOException: Read timed out ClientConnectionId:55b34d12-8689-4e2c-873c-eb3ad5067db5
	at com.microsoft.sqlserver.jdbc.TDSChannel$SSLHandshakeInputStream.ensureSSLPayload(IOBuffer.java:895)
	at com.microsoft.sqlserver.jdbc.TDSChannel$SSLHandshakeInputStream.readInternal(IOBuffer.java:949)
	at com.microsoft.sqlserver.jdbc.TDSChannel$SSLHandshakeInputStream.read(IOBuffer.java:942)
	at com.microsoft.sqlserver.jdbc.TDSChannel$ProxyInputStream.readInternal(IOBuffer.java:1206)
	at com.microsoft.sqlserver.jdbc.TDSChannel$ProxyInputStream.read(IOBuffer.java:1192)
	at java.base/sun.security.ssl.SSLSocketInputRecord.read(SSLSocketInputRecord.java:489)
	at java.base/sun.security.ssl.SSLSocketInputRecord.readHeader(SSLSocketInputRecord.java:483)
	at java.base/sun.security.ssl.SSLSocketInputRecord.decode(SSLSocketInputRecord.java:160)
	at java.base/sun.security.ssl.SSLTransport.decode(SSLTransport.java:111)
	... 27 more
[2026-07-06 10:32:48][ERROR] 数据库连接测试失败
java.sql.SQLException: 无法获取数据库连接，连接池已满
	at util.ConnectionPool.getConnection(ConnectionPool.java:90)
	at util.DBUtil.getConnection(DBUtil.java:53)
	at util.DBUtil.testConnection(DBUtil.java:75)
	at ui.LoginFrame.<init>(LoginFrame.java:36)
	at Main.lambda$main$0(Main.java:29)
	at java.desktop/java.awt.event.InvocationEvent.dispatch(InvocationEvent.java:323)
	at java.desktop/java.awt.EventQueue.dispatchEventImpl(EventQueue.java:723)
	at java.desktop/java.awt.EventQueue.dispatchEvent(EventQueue.java:702)
	at java.desktop/java.awt.EventDispatchThread.pumpOneEventForFilters(EventDispatchThread.java:203)
	at java.desktop/java.awt.EventDispatchThread.pumpEventsForFilter(EventDispatchThread.java:124)
	at java.desktop/java.awt.EventDispatchThread.pumpEventsForHierarchy(EventDispatchThread.java:113)
	at java.desktop/java.awt.EventDispatchThread.pumpEvents(EventDispatchThread.java:109)
	at java.desktop/java.awt.EventDispatchThread.pumpEvents(EventDispatchThread.java:101)
	at java.desktop/java.awt.EventDispatchThread.run(EventDispatchThread.java:90)
[2026-07-06 10:38:53][ERROR] 创建数据库连接失败
com.microsoft.sqlserver.jdbc.SQLServerException: 无法连接到命名实例 zs 上的主机 localhost。错误:“java.net.SocketTimeoutException: Receive timed out”。请验证服务器和实例名称是否正确无误，并检查是否没有防火墙在阻止流向端口 1434 的 UDP 流量。对于 SQL Server 2005 或更高版本，请验证 SQL Server Browser 服务是否正在主机上运行。
	at com.microsoft.sqlserver.jdbc.SQLServerException.makeFromDriverError(SQLServerException.java:242)
	at com.microsoft.sqlserver.jdbc.SQLServerConnection.getInstancePort(SQLServerConnection.java:7918)
	at com.microsoft.sqlserver.jdbc.SQLServerConnection.primaryPermissionCheck(SQLServerConnection.java:3680)
	at com.microsoft.sqlserver.jdbc.SQLServerConnection.login(SQLServerConnection.java:3364)
	at com.microsoft.sqlserver.jdbc.SQLServerConnection.connectInternal(SQLServerConnection.java:3194)
	at com.microsoft.sqlserver.jdbc.SQLServerConnection.connect(SQLServerConnection.java:1971)
	at com.microsoft.sqlserver.jdbc.SQLServerDriver.connect(SQLServerDriver.java:1263)
	at java.sql/java.sql.DriverManager.getConnection(DriverManager.java:613)
	at java.sql/java.sql.DriverManager.getConnection(DriverManager.java:199)
	at util.ConnectionPool.createNewConnection(ConnectionPool.java:69)
	at util.ConnectionPool.initializePool(ConnectionPool.java:55)
	at util.ConnectionPool.<init>(ConnectionPool.java:48)
	at util.DBUtil.<clinit>(DBUtil.java:40)
	at ui.LoginFrame.<init>(LoginFrame.java:36)
	at Main.lambda$main$0(Main.java:29)
	at java.desktop/java.awt.event.InvocationEvent.dispatch(InvocationEvent.java:323)
	at java.desktop/java.awt.EventQueue.dispatchEventImpl(EventQueue.java:723)
	at java.desktop/java.awt.EventQueue.dispatchEvent(EventQueue.java:702)
	at java.desktop/java.awt.EventDispatchThread.pumpOneEventForFilters(EventDispatchThread.java:203)
	at java.desktop/java.awt.EventDispatchThread.pumpEventsForFilter(EventDispatchThread.java:124)
	at java.desktop/java.awt.EventDispatchThread.pumpEventsForHierarchy(EventDispatchThread.java:113)
	at java.desktop/java.awt.EventDispatchThread.pumpEvents(EventDispatchThread.java:109)
	at java.desktop/java.awt.EventDispatchThread.pumpEvents(EventDispatchThread.java:101)
	at java.desktop/java.awt.EventDispatchThread.run(EventDispatchThread.java:90)
[2026-07-06 10:38:54][ERROR] 创建数据库连接失败
com.microsoft.sqlserver.jdbc.SQLServerException: 无法连接到命名实例 zs 上的主机 localhost。错误:“java.net.SocketTimeoutException: Receive timed out”。请验证服务器和实例名称是否正确无误，并检查是否没有防火墙在阻止流向端口 1434 的 UDP 流量。对于 SQL Server 2005 或更高版本，请验证 SQL Server Browser 服务是否正在主机上运行。
	at com.microsoft.sqlserver.jdbc.SQLServerException.makeFromDriverError(SQLServerException.java:242)
	at com.microsoft.sqlserver.jdbc.SQLServerConnection.getInstancePort(SQLServerConnection.java:7918)
	at com.microsoft.sqlserver.jdbc.SQLServerConnection.primaryPermissionCheck(SQLServerConnection.java:3680)
	at com.microsoft.sqlserver.jdbc.SQLServerConnection.login(SQLServerConnection.java:3364)
	at com.microsoft.sqlserver.jdbc.SQLServerConnection.connectInternal(SQLServerConnection.java:3194)
	at com.microsoft.sqlserver.jdbc.SQLServerConnection.connect(SQLServerConnection.java:1971)
	at com.microsoft.sqlserver.jdbc.SQLServerDriver.connect(SQLServerDriver.java:1263)
	at java.sql/java.sql.DriverManager.getConnection(DriverManager.java:613)
	at java.sql/java.sql.DriverManager.getConnection(DriverManager.java:199)
	at util.ConnectionPool.createNewConnection(ConnectionPool.java:69)
	at util.ConnectionPool.initializePool(ConnectionPool.java:55)
	at util.ConnectionPool.<init>(ConnectionPool.java:48)
	at util.DBUtil.<clinit>(DBUtil.java:40)
	at ui.LoginFrame.<init>(LoginFrame.java:36)
	at Main.lambda$main$0(Main.java:29)
	at java.desktop/java.awt.event.InvocationEvent.dispatch(InvocationEvent.java:323)
	at java.desktop/java.awt.EventQueue.dispatchEventImpl(EventQueue.java:723)
	at java.desktop/java.awt.EventQueue.dispatchEvent(EventQueue.java:702)
	at java.desktop/java.awt.EventDispatchThread.pumpOneEventForFilters(EventDispatchThread.java:203)
	at java.desktop/java.awt.EventDispatchThread.pumpEventsForFilter(EventDispatchThread.java:124)
	at java.desktop/java.awt.EventDispatchThread.pumpEventsForHierarchy(EventDispatchThread.java:113)
	at java.desktop/java.awt.EventDispatchThread.pumpEvents(EventDispatchThread.java:109)
	at java.desktop/java.awt.EventDispatchThread.pumpEvents(EventDispatchThread.java:101)
	at java.desktop/java.awt.EventDispatchThread.run(EventDispatchThread.java:90)
[2026-07-06 10:38:55][ERROR] 创建数据库连接失败
com.microsoft.sqlserver.jdbc.SQLServerException: 无法连接到命名实例 zs 上的主机 localhost。错误:“java.net.SocketTimeoutException: Receive timed out”。请验证服务器和实例名称是否正确无误，并检查是否没有防火墙在阻止流向端口 1434 的 UDP 流量。对于 SQL Server 2005 或更高版本，请验证 SQL Server Browser 服务是否正在主机上运行。
	at com.microsoft.sqlserver.jdbc.SQLServerException.makeFromDriverError(SQLServerException.java:242)
	at com.microsoft.sqlserver.jdbc.SQLServerConnection.getInstancePort(SQLServerConnection.java:7918)
	at com.microsoft.sqlserver.jdbc.SQLServerConnection.primaryPermissionCheck(SQLServerConnection.java:3680)
	at com.microsoft.sqlserver.jdbc.SQLServerConnection.login(SQLServerConnection.java:3364)
	at com.microsoft.sqlserver.jdbc.SQLServerConnection.connectInternal(SQLServerConnection.java:3194)
	at com.microsoft.sqlserver.jdbc.SQLServerConnection.connect(SQLServerConnection.java:1971)
	at com.microsoft.sqlserver.jdbc.SQLServerDriver.connect(SQLServerDriver.java:1263)
	at java.sql/java.sql.DriverManager.getConnection(DriverManager.java:613)
	at java.sql/java.sql.DriverManager.getConnection(DriverManager.java:199)
	at util.ConnectionPool.createNewConnection(ConnectionPool.java:69)
	at util.ConnectionPool.initializePool(ConnectionPool.java:55)
	at util.ConnectionPool.<init>(ConnectionPool.java:48)
	at util.DBUtil.<clinit>(DBUtil.java:40)
	at ui.LoginFrame.<init>(LoginFrame.java:36)
	at Main.lambda$main$0(Main.java:29)
	at java.desktop/java.awt.event.InvocationEvent.dispatch(InvocationEvent.java:323)
	at java.desktop/java.awt.EventQueue.dispatchEventImpl(EventQueue.java:723)
	at java.desktop/java.awt.EventQueue.dispatchEvent(EventQueue.java:702)
	at java.desktop/java.awt.EventDispatchThread.pumpOneEventForFilters(EventDispatchThread.java:203)
	at java.desktop/java.awt.EventDispatchThread.pumpEventsForFilter(EventDispatchThread.java:124)
	at java.desktop/java.awt.EventDispatchThread.pumpEventsForHierarchy(EventDispatchThread.java:113)
	at java.desktop/java.awt.EventDispatchThread.pumpEvents(EventDispatchThread.java:109)
	at java.desktop/java.awt.EventDispatchThread.pumpEvents(EventDispatchThread.java:101)
	at java.desktop/java.awt.EventDispatchThread.run(EventDispatchThread.java:90)
[2026-07-06 10:38:56][ERROR] 创建数据库连接失败
com.microsoft.sqlserver.jdbc.SQLServerException: 无法连接到命名实例 zs 上的主机 localhost。错误:“java.net.SocketTimeoutException: Receive timed out”。请验证服务器和实例名称是否正确无误，并检查是否没有防火墙在阻止流向端口 1434 的 UDP 流量。对于 SQL Server 2005 或更高版本，请验证 SQL Server Browser 服务是否正在主机上运行。
	at com.microsoft.sqlserver.jdbc.SQLServerException.makeFromDriverError(SQLServerException.java:242)
	at com.microsoft.sqlserver.jdbc.SQLServerConnection.getInstancePort(SQLServerConnection.java:7918)
	at com.microsoft.sqlserver.jdbc.SQLServerConnection.primaryPermissionCheck(SQLServerConnection.java:3680)
	at com.microsoft.sqlserver.jdbc.SQLServerConnection.login(SQLServerConnection.java:3364)
	at com.microsoft.sqlserver.jdbc.SQLServerConnection.connectInternal(SQLServerConnection.java:3194)
	at com.microsoft.sqlserver.jdbc.SQLServerConnection.connect(SQLServerConnection.java:1971)
	at com.microsoft.sqlserver.jdbc.SQLServerDriver.connect(SQLServerDriver.java:1263)
	at java.sql/java.sql.DriverManager.getConnection(DriverManager.java:613)
	at java.sql/java.sql.DriverManager.getConnection(DriverManager.java:199)
	at util.ConnectionPool.createNewConnection(ConnectionPool.java:69)
	at util.ConnectionPool.initializePool(ConnectionPool.java:55)
	at util.ConnectionPool.<init>(ConnectionPool.java:48)
	at util.DBUtil.<clinit>(DBUtil.java:40)
	at ui.LoginFrame.<init>(LoginFrame.java:36)
	at Main.lambda$main$0(Main.java:29)
	at java.desktop/java.awt.event.InvocationEvent.dispatch(InvocationEvent.java:323)
	at java.desktop/java.awt.EventQueue.dispatchEventImpl(EventQueue.java:723)
	at java.desktop/java.awt.EventQueue.dispatchEvent(EventQueue.java:702)
	at java.desktop/java.awt.EventDispatchThread.pumpOneEventForFilters(EventDispatchThread.java:203)
	at java.desktop/java.awt.EventDispatchThread.pumpEventsForFilter(EventDispatchThread.java:124)
	at java.desktop/java.awt.EventDispatchThread.pumpEventsForHierarchy(EventDispatchThread.java:113)
	at java.desktop/java.awt.EventDispatchThread.pumpEvents(EventDispatchThread.java:109)
	at java.desktop/java.awt.EventDispatchThread.pumpEvents(EventDispatchThread.java:101)
	at java.desktop/java.awt.EventDispatchThread.run(EventDispatchThread.java:90)
[2026-07-06 10:38:57][ERROR] 创建数据库连接失败
com.microsoft.sqlserver.jdbc.SQLServerException: 无法连接到命名实例 zs 上的主机 localhost。错误:“java.net.SocketTimeoutException: Receive timed out”。请验证服务器和实例名称是否正确无误，并检查是否没有防火墙在阻止流向端口 1434 的 UDP 流量。对于 SQL Server 2005 或更高版本，请验证 SQL Server Browser 服务是否正在主机上运行。
	at com.microsoft.sqlserver.jdbc.SQLServerException.makeFromDriverError(SQLServerException.java:242)
	at com.microsoft.sqlserver.jdbc.SQLServerConnection.getInstancePort(SQLServerConnection.java:7918)
	at com.microsoft.sqlserver.jdbc.SQLServerConnection.primaryPermissionCheck(SQLServerConnection.java:3680)
	at com.microsoft.sqlserver.jdbc.SQLServerConnection.login(SQLServerConnection.java:3364)
	at com.microsoft.sqlserver.jdbc.SQLServerConnection.connectInternal(SQLServerConnection.java:3194)
	at com.microsoft.sqlserver.jdbc.SQLServerConnection.connect(SQLServerConnection.java:1971)
	at com.microsoft.sqlserver.jdbc.SQLServerDriver.connect(SQLServerDriver.java:1263)
	at java.sql/java.sql.DriverManager.getConnection(DriverManager.java:613)
	at java.sql/java.sql.DriverManager.getConnection(DriverManager.java:199)
	at util.ConnectionPool.createNewConnection(ConnectionPool.java:69)
	at util.ConnectionPool.initializePool(ConnectionPool.java:55)
	at util.ConnectionPool.<init>(ConnectionPool.java:48)
	at util.DBUtil.<clinit>(DBUtil.java:40)
	at ui.LoginFrame.<init>(LoginFrame.java:36)
	at Main.lambda$main$0(Main.java:29)
	at java.desktop/java.awt.event.InvocationEvent.dispatch(InvocationEvent.java:323)
	at java.desktop/java.awt.EventQueue.dispatchEventImpl(EventQueue.java:723)
	at java.desktop/java.awt.EventQueue.dispatchEvent(EventQueue.java:702)
	at java.desktop/java.awt.EventDispatchThread.pumpOneEventForFilters(EventDispatchThread.java:203)
	at java.desktop/java.awt.EventDispatchThread.pumpEventsForFilter(EventDispatchThread.java:124)
	at java.desktop/java.awt.EventDispatchThread.pumpEventsForHierarchy(EventDispatchThread.java:113)
	at java.desktop/java.awt.EventDispatchThread.pumpEvents(EventDispatchThread.java:109)
	at java.desktop/java.awt.EventDispatchThread.pumpEvents(EventDispatchThread.java:101)
	at java.desktop/java.awt.EventDispatchThread.run(EventDispatchThread.java:90)
[2026-07-06 10:38:57][INFO] 连接池初始化完成，初始连接数: 0
[2026-07-06 10:38:58][ERROR] 创建数据库连接失败
com.microsoft.sqlserver.jdbc.SQLServerException: 无法连接到命名实例 zs 上的主机 localhost。错误:“java.net.SocketTimeoutException: Receive timed out”。请验证服务器和实例名称是否正确无误，并检查是否没有防火墙在阻止流向端口 1434 的 UDP 流量。对于 SQL Server 2005 或更高版本，请验证 SQL Server Browser 服务是否正在主机上运行。
	at com.microsoft.sqlserver.jdbc.SQLServerException.makeFromDriverError(SQLServerException.java:242)
	at com.microsoft.sqlserver.jdbc.SQLServerConnection.getInstancePort(SQLServerConnection.java:7918)
	at com.microsoft.sqlserver.jdbc.SQLServerConnection.primaryPermissionCheck(SQLServerConnection.java:3680)
	at com.microsoft.sqlserver.jdbc.SQLServerConnection.login(SQLServerConnection.java:3364)
	at com.microsoft.sqlserver.jdbc.SQLServerConnection.connectInternal(SQLServerConnection.java:3194)
	at com.microsoft.sqlserver.jdbc.SQLServerConnection.connect(SQLServerConnection.java:1971)
	at com.microsoft.sqlserver.jdbc.SQLServerDriver.connect(SQLServerDriver.java:1263)
	at java.sql/java.sql.DriverManager.getConnection(DriverManager.java:613)
	at java.sql/java.sql.DriverManager.getConnection(DriverManager.java:199)
	at util.ConnectionPool.createNewConnection(ConnectionPool.java:69)
	at util.ConnectionPool.getConnection(ConnectionPool.java:91)
	at util.DBUtil.getConnection(DBUtil.java:54)
	at util.DBUtil.testConnection(DBUtil.java:76)
	at ui.LoginFrame.<init>(LoginFrame.java:36)
	at Main.lambda$main$0(Main.java:29)
	at java.desktop/java.awt.event.InvocationEvent.dispatch(InvocationEvent.java:323)
	at java.desktop/java.awt.EventQueue.dispatchEventImpl(EventQueue.java:723)
	at java.desktop/java.awt.EventQueue.dispatchEvent(EventQueue.java:702)
	at java.desktop/java.awt.EventDispatchThread.pumpOneEventForFilters(EventDispatchThread.java:203)
	at java.desktop/java.awt.EventDispatchThread.pumpEventsForFilter(EventDispatchThread.java:124)
	at java.desktop/java.awt.EventDispatchThread.pumpEventsForHierarchy(EventDispatchThread.java:113)
	at java.desktop/java.awt.EventDispatchThread.pumpEvents(EventDispatchThread.java:109)
	at java.desktop/java.awt.EventDispatchThread.pumpEvents(EventDispatchThread.java:101)
	at java.desktop/java.awt.EventDispatchThread.run(EventDispatchThread.java:90)
[2026-07-06 10:38:58][ERROR] 数据库连接测试失败
java.sql.SQLException: 无法创建新的数据库连接，请检查SQL Server服务、数据库配置及网络连接
	at util.ConnectionPool.getConnection(ConnectionPool.java:96)
	at util.DBUtil.getConnection(DBUtil.java:54)
	at util.DBUtil.testConnection(DBUtil.java:76)
	at ui.LoginFrame.<init>(LoginFrame.java:36)
	at Main.lambda$main$0(Main.java:29)
	at java.desktop/java.awt.event.InvocationEvent.dispatch(InvocationEvent.java:323)
	at java.desktop/java.awt.EventQueue.dispatchEventImpl(EventQueue.java:723)
	at java.desktop/java.awt.EventQueue.dispatchEvent(EventQueue.java:702)
	at java.desktop/java.awt.EventDispatchThread.pumpOneEventForFilters(EventDispatchThread.java:203)
	at java.desktop/java.awt.EventDispatchThread.pumpEventsForFilter(EventDispatchThread.java:124)
	at java.desktop/java.awt.EventDispatchThread.pumpEventsForHierarchy(EventDispatchThread.java:113)
	at java.desktop/java.awt.EventDispatchThread.pumpEvents(EventDispatchThread.java:109)
	at java.desktop/java.awt.EventDispatchThread.pumpEvents(EventDispatchThread.java:101)
	at java.desktop/java.awt.EventDispatchThread.run(EventDispatchThread.java:90)
[2026-07-06 10:44:32][ERROR] 创建数据库连接失败
com.microsoft.sqlserver.jdbc.SQLServerException: Read timed out ClientConnectionId:56184101-b520-4001-a322-36f1fa481807
	at com.microsoft.sqlserver.jdbc.SQLServerConnection.terminate(SQLServerConnection.java:4271)
	at com.microsoft.sqlserver.jdbc.TDSChannel.read(IOBuffer.java:2175)
	at com.microsoft.sqlserver.jdbc.TDSReader.readPacket(IOBuffer.java:6895)
	at com.microsoft.sqlserver.jdbc.TDSCommand.startResponse(IOBuffer.java:8147)
	at com.microsoft.sqlserver.jdbc.TDSCommand.startResponse(IOBuffer.java:8110)
	at com.microsoft.sqlserver.jdbc.SQLServerConnection.sendLogon(SQLServerConnection.java:6886)
	at com.microsoft.sqlserver.jdbc.SQLServerConnection.logon(SQLServerConnection.java:5434)
	at com.microsoft.sqlserver.jdbc.SQLServerConnection$LogonCommand.doExecute(SQLServerConnection.java:5366)
	at com.microsoft.sqlserver.jdbc.TDSCommand.execute(IOBuffer.java:7745)
	at com.microsoft.sqlserver.jdbc.SQLServerConnection.executeCommand(SQLServerConnection.java:4391)
	at com.microsoft.sqlserver.jdbc.SQLServerConnection.connectHelper(SQLServerConnection.java:3828)
	at com.microsoft.sqlserver.jdbc.SQLServerConnection.login(SQLServerConnection.java:3385)
	at com.microsoft.sqlserver.jdbc.SQLServerConnection.connectInternal(SQLServerConnection.java:3194)
	at com.microsoft.sqlserver.jdbc.SQLServerConnection.connect(SQLServerConnection.java:1971)
	at com.microsoft.sqlserver.jdbc.SQLServerDriver.connect(SQLServerDriver.java:1263)
	at java.sql/java.sql.DriverManager.getConnection(DriverManager.java:613)
	at java.sql/java.sql.DriverManager.getConnection(DriverManager.java:199)
	at util.ConnectionPool.createNewConnection(ConnectionPool.java:69)
	at util.ConnectionPool.initializePool(ConnectionPool.java:55)
	at util.ConnectionPool.<init>(ConnectionPool.java:48)
	at util.DBUtil.<clinit>(DBUtil.java:40)
	at ui.LoginFrame.<init>(LoginFrame.java:36)
	at Main.lambda$main$0(Main.java:29)
	at java.desktop/java.awt.event.InvocationEvent.dispatch(InvocationEvent.java:323)
	at java.desktop/java.awt.EventQueue.dispatchEventImpl(EventQueue.java:723)
	at java.desktop/java.awt.EventQueue.dispatchEvent(EventQueue.java:702)
	at java.desktop/java.awt.EventDispatchThread.pumpOneEventForFilters(EventDispatchThread.java:203)
	at java.desktop/java.awt.EventDispatchThread.pumpEventsForFilter(EventDispatchThread.java:124)
	at java.desktop/java.awt.EventDispatchThread.pumpEventsForHierarchy(EventDispatchThread.java:113)
	at java.desktop/java.awt.EventDispatchThread.pumpEvents(EventDispatchThread.java:109)
	at java.desktop/java.awt.EventDispatchThread.pumpEvents(EventDispatchThread.java:101)
	at java.desktop/java.awt.EventDispatchThread.run(EventDispatchThread.java:90)
Caused by: java.net.SocketTimeoutException: Read timed out
	at java.base/sun.nio.ch.NioSocketImpl.timedRead(NioSocketImpl.java:277)
	at java.base/sun.nio.ch.NioSocketImpl.implRead(NioSocketImpl.java:302)
	at java.base/sun.nio.ch.NioSocketImpl.read(NioSocketImpl.java:354)
	at java.base/sun.nio.ch.NioSocketImpl$1.read(NioSocketImpl.java:798)
	at java.base/java.net.Socket$SocketInputStream.implRead(Socket.java:974)
	at java.base/java.net.Socket$SocketInputStream.read(Socket.java:964)
	at com.microsoft.sqlserver.jdbc.TDSChannel$ProxyInputStream.readInternal(IOBuffer.java:1206)
	at com.microsoft.sqlserver.jdbc.TDSChannel$ProxyInputStream.read(IOBuffer.java:1192)
	at com.microsoft.sqlserver.jdbc.TDSChannel.read(IOBuffer.java:2166)
	... 30 more
[2026-07-06 10:44:32][ERROR] 创建数据库连接失败
com.microsoft.sqlserver.jdbc.SQLServerException: “Encrypt”属性设置为“false”且 “trustServerCertificate”属性设置为“false”，但驱动程序无法使用安全套接字层 (SSL) 加密与 SQL Server 建立安全连接:错误:(unexpected_message) Read timed out ClientConnectionId:80c6e0d7-f0ad-4edc-8cf4-ece1ad312f73。
	at com.microsoft.sqlserver.jdbc.SQLServerConnection.terminate(SQLServerConnection.java:4271)
	at com.microsoft.sqlserver.jdbc.TDSChannel.enableSSL(IOBuffer.java:1965)
	at com.microsoft.sqlserver.jdbc.SQLServerConnection.connectHelper(SQLServerConnection.java:3797)
	at com.microsoft.sqlserver.jdbc.SQLServerConnection.login(SQLServerConnection.java:3385)
	at com.microsoft.sqlserver.jdbc.SQLServerConnection.connectInternal(SQLServerConnection.java:3194)
	at com.microsoft.sqlserver.jdbc.SQLServerConnection.connect(SQLServerConnection.java:1971)
	at com.microsoft.sqlserver.jdbc.SQLServerDriver.connect(SQLServerDriver.java:1263)
	at java.sql/java.sql.DriverManager.getConnection(DriverManager.java:613)
	at java.sql/java.sql.DriverManager.getConnection(DriverManager.java:199)
	at util.ConnectionPool.createNewConnection(ConnectionPool.java:69)
	at util.ConnectionPool.initializePool(ConnectionPool.java:55)
	at util.ConnectionPool.<init>(ConnectionPool.java:48)
	at util.DBUtil.<clinit>(DBUtil.java:40)
	at ui.LoginFrame.<init>(LoginFrame.java:36)
	at Main.lambda$main$0(Main.java:29)
	at java.desktop/java.awt.event.InvocationEvent.dispatch(InvocationEvent.java:323)
	at java.desktop/java.awt.EventQueue.dispatchEventImpl(EventQueue.java:723)
	at java.desktop/java.awt.EventQueue.dispatchEvent(EventQueue.java:702)
	at java.desktop/java.awt.EventDispatchThread.pumpOneEventForFilters(EventDispatchThread.java:203)
	at java.desktop/java.awt.EventDispatchThread.pumpEventsForFilter(EventDispatchThread.java:124)
	at java.desktop/java.awt.EventDispatchThread.pumpEventsForHierarchy(EventDispatchThread.java:113)
	at java.desktop/java.awt.EventDispatchThread.pumpEvents(EventDispatchThread.java:109)
	at java.desktop/java.awt.EventDispatchThread.pumpEvents(EventDispatchThread.java:101)
	at java.desktop/java.awt.EventDispatchThread.run(EventDispatchThread.java:90)
Caused by: javax.net.ssl.SSLException: (unexpected_message) Read timed out ClientConnectionId:80c6e0d7-f0ad-4edc-8cf4-ece1ad312f73
	at java.base/sun.security.ssl.Alert.createSSLException(Alert.java:126)
	at java.base/sun.security.ssl.TransportContext.fatal(TransportContext.java:376)
	at java.base/sun.security.ssl.TransportContext.fatal(TransportContext.java:319)
	at java.base/sun.security.ssl.TransportContext.fatal(TransportContext.java:314)
	at java.base/sun.security.ssl.SSLTransport.decode(SSLTransport.java:145)
	at java.base/sun.security.ssl.SSLSocketImpl.decode(SSLSocketImpl.java:1506)
	at java.base/sun.security.ssl.SSLSocketImpl.readHandshakeRecord(SSLSocketImpl.java:1421)
	at java.base/sun.security.ssl.SSLSocketImpl.startHandshake(SSLSocketImpl.java:455)
	at java.base/sun.security.ssl.SSLSocketImpl.startHandshake(SSLSocketImpl.java:426)
	at com.microsoft.sqlserver.jdbc.TDSChannel.enableSSL(IOBuffer.java:1854)
	... 22 more
Caused by: java.io.IOException: Read timed out ClientConnectionId:80c6e0d7-f0ad-4edc-8cf4-ece1ad312f73
	at com.microsoft.sqlserver.jdbc.TDSChannel$SSLHandshakeInputStream.ensureSSLPayload(IOBuffer.java:895)
	at com.microsoft.sqlserver.jdbc.TDSChannel$SSLHandshakeInputStream.readInternal(IOBuffer.java:949)
	at com.microsoft.sqlserver.jdbc.TDSChannel$SSLHandshakeInputStream.read(IOBuffer.java:942)
	at com.microsoft.sqlserver.jdbc.TDSChannel$ProxyInputStream.readInternal(IOBuffer.java:1206)
	at com.microsoft.sqlserver.jdbc.TDSChannel$ProxyInputStream.read(IOBuffer.java:1192)
	at java.base/sun.security.ssl.SSLSocketInputRecord.read(SSLSocketInputRecord.java:489)
	at java.base/sun.security.ssl.SSLSocketInputRecord.readHeader(SSLSocketInputRecord.java:483)
	at java.base/sun.security.ssl.SSLSocketInputRecord.decode(SSLSocketInputRecord.java:160)
	at java.base/sun.security.ssl.SSLTransport.decode(SSLTransport.java:111)
	... 27 more
[2026-07-06 10:44:32][ERROR] 创建数据库连接失败
com.microsoft.sqlserver.jdbc.SQLServerException: Read timed out ClientConnectionId:8fb4b537-c250-4d56-a307-0b4860a03a29
	at com.microsoft.sqlserver.jdbc.SQLServerConnection.terminate(SQLServerConnection.java:4271)
	at com.microsoft.sqlserver.jdbc.TDSChannel.read(IOBuffer.java:2175)
	at com.microsoft.sqlserver.jdbc.SQLServerConnection.prelogin(SQLServerConnection.java:3981)
	at com.microsoft.sqlserver.jdbc.SQLServerConnection.connectHelper(SQLServerConnection.java:3793)
	at com.microsoft.sqlserver.jdbc.SQLServerConnection.login(SQLServerConnection.java:3385)
	at com.microsoft.sqlserver.jdbc.SQLServerConnection.connectInternal(SQLServerConnection.java:3194)
	at com.microsoft.sqlserver.jdbc.SQLServerConnection.connect(SQLServerConnection.java:1971)
	at com.microsoft.sqlserver.jdbc.SQLServerDriver.connect(SQLServerDriver.java:1263)
	at java.sql/java.sql.DriverManager.getConnection(DriverManager.java:613)
	at java.sql/java.sql.DriverManager.getConnection(DriverManager.java:199)
	at util.ConnectionPool.createNewConnection(ConnectionPool.java:69)
	at util.ConnectionPool.initializePool(ConnectionPool.java:55)
	at util.ConnectionPool.<init>(ConnectionPool.java:48)
	at util.DBUtil.<clinit>(DBUtil.java:40)
	at ui.LoginFrame.<init>(LoginFrame.java:36)
	at Main.lambda$main$0(Main.java:29)
	at java.desktop/java.awt.event.InvocationEvent.dispatch(InvocationEvent.java:323)
	at java.desktop/java.awt.EventQueue.dispatchEventImpl(EventQueue.java:723)
	at java.desktop/java.awt.EventQueue.dispatchEvent(EventQueue.java:702)
	at java.desktop/java.awt.EventDispatchThread.pumpOneEventForFilters(EventDispatchThread.java:203)
	at java.desktop/java.awt.EventDispatchThread.pumpEventsForFilter(EventDispatchThread.java:124)
	at java.desktop/java.awt.EventDispatchThread.pumpEventsForHierarchy(EventDispatchThread.java:113)
	at java.desktop/java.awt.EventDispatchThread.pumpEvents(EventDispatchThread.java:109)
	at java.desktop/java.awt.EventDispatchThread.pumpEvents(EventDispatchThread.java:101)
	at java.desktop/java.awt.EventDispatchThread.run(EventDispatchThread.java:90)
Caused by: java.net.SocketTimeoutException: Read timed out
	at java.base/sun.nio.ch.NioSocketImpl.timedRead(NioSocketImpl.java:277)
	at java.base/sun.nio.ch.NioSocketImpl.implRead(NioSocketImpl.java:302)
	at java.base/sun.nio.ch.NioSocketImpl.read(NioSocketImpl.java:354)
	at java.base/sun.nio.ch.NioSocketImpl$1.read(NioSocketImpl.java:798)
	at java.base/java.net.Socket$SocketInputStream.implRead(Socket.java:974)
	at java.base/java.net.Socket$SocketInputStream.read(Socket.java:964)
	at com.microsoft.sqlserver.jdbc.TDSChannel$ProxyInputStream.readInternal(IOBuffer.java:1206)
	at com.microsoft.sqlserver.jdbc.TDSChannel$ProxyInputStream.read(IOBuffer.java:1192)
	at com.microsoft.sqlserver.jdbc.TDSChannel.read(IOBuffer.java:2166)
	... 23 more
[2026-07-06 10:44:32][ERROR] 创建数据库连接失败
com.microsoft.sqlserver.jdbc.SQLServerException: “Encrypt”属性设置为“false”且 “trustServerCertificate”属性设置为“false”，但驱动程序无法使用安全套接字层 (SSL) 加密与 SQL Server 建立安全连接:错误:(unexpected_message) Read timed out ClientConnectionId:e2fa9047-6e2c-45b3-856a-0585cc4b5dc4。
	at com.microsoft.sqlserver.jdbc.SQLServerConnection.terminate(SQLServerConnection.java:4271)
	at com.microsoft.sqlserver.jdbc.TDSChannel.enableSSL(IOBuffer.java:1965)
	at com.microsoft.sqlserver.jdbc.SQLServerConnection.connectHelper(SQLServerConnection.java:3797)
	at com.microsoft.sqlserver.jdbc.SQLServerConnection.login(SQLServerConnection.java:3385)
	at com.microsoft.sqlserver.jdbc.SQLServerConnection.connectInternal(SQLServerConnection.java:3194)
	at com.microsoft.sqlserver.jdbc.SQLServerConnection.connect(SQLServerConnection.java:1971)
	at com.microsoft.sqlserver.jdbc.SQLServerDriver.connect(SQLServerDriver.java:1263)
	at java.sql/java.sql.DriverManager.getConnection(DriverManager.java:613)
	at java.sql/java.sql.DriverManager.getConnection(DriverManager.java:199)
	at util.ConnectionPool.createNewConnection(ConnectionPool.java:69)
	at util.ConnectionPool.initializePool(ConnectionPool.java:55)
	at util.ConnectionPool.<init>(ConnectionPool.java:48)
	at util.DBUtil.<clinit>(DBUtil.java:40)
	at ui.LoginFrame.<init>(LoginFrame.java:36)
	at Main.lambda$main$0(Main.java:29)
	at java.desktop/java.awt.event.InvocationEvent.dispatch(InvocationEvent.java:323)
	at java.desktop/java.awt.EventQueue.dispatchEventImpl(EventQueue.java:723)
	at java.desktop/java.awt.EventQueue.dispatchEvent(EventQueue.java:702)
	at java.desktop/java.awt.EventDispatchThread.pumpOneEventForFilters(EventDispatchThread.java:203)
	at java.desktop/java.awt.EventDispatchThread.pumpEventsForFilter(EventDispatchThread.java:124)
	at java.desktop/java.awt.EventDispatchThread.pumpEventsForHierarchy(EventDispatchThread.java:113)
	at java.desktop/java.awt.EventDispatchThread.pumpEvents(EventDispatchThread.java:109)
	at java.desktop/java.awt.EventDispatchThread.pumpEvents(EventDispatchThread.java:101)
	at java.desktop/java.awt.EventDispatchThread.run(EventDispatchThread.java:90)
Caused by: javax.net.ssl.SSLException: (unexpected_message) Read timed out ClientConnectionId:e2fa9047-6e2c-45b3-856a-0585cc4b5dc4
	at java.base/sun.security.ssl.Alert.createSSLException(Alert.java:126)
	at java.base/sun.security.ssl.TransportContext.fatal(TransportContext.java:376)
	at java.base/sun.security.ssl.TransportContext.fatal(TransportContext.java:319)
	at java.base/sun.security.ssl.TransportContext.fatal(TransportContext.java:314)
	at java.base/sun.security.ssl.SSLTransport.decode(SSLTransport.java:145)
	at java.base/sun.security.ssl.SSLSocketImpl.decode(SSLSocketImpl.java:1506)
	at java.base/sun.security.ssl.SSLSocketImpl.readHandshakeRecord(SSLSocketImpl.java:1421)
	at java.base/sun.security.ssl.SSLSocketImpl.startHandshake(SSLSocketImpl.java:455)
	at java.base/sun.security.ssl.SSLSocketImpl.startHandshake(SSLSocketImpl.java:426)
	at com.microsoft.sqlserver.jdbc.TDSChannel.enableSSL(IOBuffer.java:1854)
	... 22 more
Caused by: java.io.IOException: Read timed out ClientConnectionId:e2fa9047-6e2c-45b3-856a-0585cc4b5dc4
	at com.microsoft.sqlserver.jdbc.TDSChannel$SSLHandshakeInputStream.ensureSSLPayload(IOBuffer.java:895)
	at com.microsoft.sqlserver.jdbc.TDSChannel$SSLHandshakeInputStream.readInternal(IOBuffer.java:949)
	at com.microsoft.sqlserver.jdbc.TDSChannel$SSLHandshakeInputStream.read(IOBuffer.java:942)
	at com.microsoft.sqlserver.jdbc.TDSChannel$ProxyInputStream.readInternal(IOBuffer.java:1206)
	at com.microsoft.sqlserver.jdbc.TDSChannel$ProxyInputStream.read(IOBuffer.java:1192)
	at java.base/sun.security.ssl.SSLSocketInputRecord.read(SSLSocketInputRecord.java:489)
	at java.base/sun.security.ssl.SSLSocketInputRecord.readHeader(SSLSocketInputRecord.java:483)
	at java.base/sun.security.ssl.SSLSocketInputRecord.decode(SSLSocketInputRecord.java:160)
	at java.base/sun.security.ssl.SSLTransport.decode(SSLTransport.java:111)
	... 27 more
[2026-07-06 10:44:32][ERROR] 创建数据库连接失败
com.microsoft.sqlserver.jdbc.SQLServerException: Read timed out ClientConnectionId:86d6041a-4ecd-4292-9f0c-84dbc051879b
	at com.microsoft.sqlserver.jdbc.SQLServerConnection.terminate(SQLServerConnection.java:4271)
	at com.microsoft.sqlserver.jdbc.TDSChannel.read(IOBuffer.java:2175)
	at com.microsoft.sqlserver.jdbc.SQLServerConnection.prelogin(SQLServerConnection.java:3981)
	at com.microsoft.sqlserver.jdbc.SQLServerConnection.connectHelper(SQLServerConnection.java:3793)
	at com.microsoft.sqlserver.jdbc.SQLServerConnection.login(SQLServerConnection.java:3385)
	at com.microsoft.sqlserver.jdbc.SQLServerConnection.connectInternal(SQLServerConnection.java:3194)
	at com.microsoft.sqlserver.jdbc.SQLServerConnection.connect(SQLServerConnection.java:1971)
	at com.microsoft.sqlserver.jdbc.SQLServerDriver.connect(SQLServerDriver.java:1263)
	at java.sql/java.sql.DriverManager.getConnection(DriverManager.java:613)
	at java.sql/java.sql.DriverManager.getConnection(DriverManager.java:199)
	at util.ConnectionPool.createNewConnection(ConnectionPool.java:69)
	at util.ConnectionPool.initializePool(ConnectionPool.java:55)
	at util.ConnectionPool.<init>(ConnectionPool.java:48)
	at util.DBUtil.<clinit>(DBUtil.java:40)
	at ui.LoginFrame.<init>(LoginFrame.java:36)
	at Main.lambda$main$0(Main.java:29)
	at java.desktop/java.awt.event.InvocationEvent.dispatch(InvocationEvent.java:323)
	at java.desktop/java.awt.EventQueue.dispatchEventImpl(EventQueue.java:723)
	at java.desktop/java.awt.EventQueue.dispatchEvent(EventQueue.java:702)
	at java.desktop/java.awt.EventDispatchThread.pumpOneEventForFilters(EventDispatchThread.java:203)
	at java.desktop/java.awt.EventDispatchThread.pumpEventsForFilter(EventDispatchThread.java:124)
	at java.desktop/java.awt.EventDispatchThread.pumpEventsForHierarchy(EventDispatchThread.java:113)
	at java.desktop/java.awt.EventDispatchThread.pumpEvents(EventDispatchThread.java:109)
	at java.desktop/java.awt.EventDispatchThread.pumpEvents(EventDispatchThread.java:101)
	at java.desktop/java.awt.EventDispatchThread.run(EventDispatchThread.java:90)
Caused by: java.net.SocketTimeoutException: Read timed out
	at java.base/sun.nio.ch.NioSocketImpl.timedRead(NioSocketImpl.java:277)
	at java.base/sun.nio.ch.NioSocketImpl.implRead(NioSocketImpl.java:302)
	at java.base/sun.nio.ch.NioSocketImpl.read(NioSocketImpl.java:354)
	at java.base/sun.nio.ch.NioSocketImpl$1.read(NioSocketImpl.java:798)
	at java.base/java.net.Socket$SocketInputStream.implRead(Socket.java:974)
	at java.base/java.net.Socket$SocketInputStream.read(Socket.java:964)
	at com.microsoft.sqlserver.jdbc.TDSChannel$ProxyInputStream.readInternal(IOBuffer.java:1206)
	at com.microsoft.sqlserver.jdbc.TDSChannel$ProxyInputStream.read(IOBuffer.java:1192)
	at com.microsoft.sqlserver.jdbc.TDSChannel.read(IOBuffer.java:2166)
	... 23 more
[2026-07-06 10:44:32][INFO] 连接池初始化完成，初始连接数: 0
[2026-07-06 10:44:32][ERROR] 创建数据库连接失败
com.microsoft.sqlserver.jdbc.SQLServerException: “Encrypt”属性设置为“false”且 “trustServerCertificate”属性设置为“false”，但驱动程序无法使用安全套接字层 (SSL) 加密与 SQL Server 建立安全连接:错误:(unexpected_message) Read timed out ClientConnectionId:9a9fc5aa-65e4-4ebf-bc12-f24e1ea323c6。
	at com.microsoft.sqlserver.jdbc.SQLServerConnection.terminate(SQLServerConnection.java:4271)
	at com.microsoft.sqlserver.jdbc.TDSChannel.enableSSL(IOBuffer.java:1965)
	at com.microsoft.sqlserver.jdbc.SQLServerConnection.connectHelper(SQLServerConnection.java:3797)
	at com.microsoft.sqlserver.jdbc.SQLServerConnection.login(SQLServerConnection.java:3385)
	at com.microsoft.sqlserver.jdbc.SQLServerConnection.connectInternal(SQLServerConnection.java:3194)
	at com.microsoft.sqlserver.jdbc.SQLServerConnection.connect(SQLServerConnection.java:1971)
	at com.microsoft.sqlserver.jdbc.SQLServerDriver.connect(SQLServerDriver.java:1263)
	at java.sql/java.sql.DriverManager.getConnection(DriverManager.java:613)
	at java.sql/java.sql.DriverManager.getConnection(DriverManager.java:199)
	at util.ConnectionPool.createNewConnection(ConnectionPool.java:69)
	at util.ConnectionPool.getConnection(ConnectionPool.java:91)
	at util.DBUtil.getConnection(DBUtil.java:54)
	at util.DBUtil.testConnection(DBUtil.java:76)
	at ui.LoginFrame.<init>(LoginFrame.java:36)
	at Main.lambda$main$0(Main.java:29)
	at java.desktop/java.awt.event.InvocationEvent.dispatch(InvocationEvent.java:323)
	at java.desktop/java.awt.EventQueue.dispatchEventImpl(EventQueue.java:723)
	at java.desktop/java.awt.EventQueue.dispatchEvent(EventQueue.java:702)
	at java.desktop/java.awt.EventDispatchThread.pumpOneEventForFilters(EventDispatchThread.java:203)
	at java.desktop/java.awt.EventDispatchThread.pumpEventsForFilter(EventDispatchThread.java:124)
	at java.desktop/java.awt.EventDispatchThread.pumpEventsForHierarchy(EventDispatchThread.java:113)
	at java.desktop/java.awt.EventDispatchThread.pumpEvents(EventDispatchThread.java:109)
	at java.desktop/java.awt.EventDispatchThread.pumpEvents(EventDispatchThread.java:101)
	at java.desktop/java.awt.EventDispatchThread.run(EventDispatchThread.java:90)
Caused by: javax.net.ssl.SSLException: (unexpected_message) Read timed out ClientConnectionId:9a9fc5aa-65e4-4ebf-bc12-f24e1ea323c6
	at java.base/sun.security.ssl.Alert.createSSLException(Alert.java:126)
	at java.base/sun.security.ssl.TransportContext.fatal(TransportContext.java:376)
	at java.base/sun.security.ssl.TransportContext.fatal(TransportContext.java:319)
	at java.base/sun.security.ssl.TransportContext.fatal(TransportContext.java:314)
	at java.base/sun.security.ssl.SSLTransport.decode(SSLTransport.java:145)
	at java.base/sun.security.ssl.SSLSocketImpl.decode(SSLSocketImpl.java:1506)
	at java.base/sun.security.ssl.SSLSocketImpl.readHandshakeRecord(SSLSocketImpl.java:1421)
	at java.base/sun.security.ssl.SSLSocketImpl.startHandshake(SSLSocketImpl.java:455)
	at java.base/sun.security.ssl.SSLSocketImpl.startHandshake(SSLSocketImpl.java:426)
	at com.microsoft.sqlserver.jdbc.TDSChannel.enableSSL(IOBuffer.java:1854)
	... 22 more
Caused by: java.io.IOException: Read timed out ClientConnectionId:9a9fc5aa-65e4-4ebf-bc12-f24e1ea323c6
	at com.microsoft.sqlserver.jdbc.TDSChannel$SSLHandshakeInputStream.ensureSSLPayload(IOBuffer.java:895)
	at com.microsoft.sqlserver.jdbc.TDSChannel$SSLHandshakeInputStream.readInternal(IOBuffer.java:949)
	at com.microsoft.sqlserver.jdbc.TDSChannel$SSLHandshakeInputStream.read(IOBuffer.java:942)
	at com.microsoft.sqlserver.jdbc.TDSChannel$ProxyInputStream.readInternal(IOBuffer.java:1206)
	at com.microsoft.sqlserver.jdbc.TDSChannel$ProxyInputStream.read(IOBuffer.java:1192)
	at java.base/sun.security.ssl.SSLSocketInputRecord.read(SSLSocketInputRecord.java:489)
	at java.base/sun.security.ssl.SSLSocketInputRecord.readHeader(SSLSocketInputRecord.java:483)
	at java.base/sun.security.ssl.SSLSocketInputRecord.decode(SSLSocketInputRecord.java:160)
	at java.base/sun.security.ssl.SSLTransport.decode(SSLTransport.java:111)
	... 27 more
[2026-07-06 10:44:32][ERROR] 数据库连接测试失败
java.sql.SQLException: 无法创建新的数据库连接，请检查SQL Server服务、数据库配置及网络连接
	at util.ConnectionPool.getConnection(ConnectionPool.java:96)
	at util.DBUtil.getConnection(DBUtil.java:54)
	at util.DBUtil.testConnection(DBUtil.java:76)
	at ui.LoginFrame.<init>(LoginFrame.java:36)
	at Main.lambda$main$0(Main.java:29)
	at java.desktop/java.awt.event.InvocationEvent.dispatch(InvocationEvent.java:323)
	at java.desktop/java.awt.EventQueue.dispatchEventImpl(EventQueue.java:723)
	at java.desktop/java.awt.EventQueue.dispatchEvent(EventQueue.java:702)
	at java.desktop/java.awt.EventDispatchThread.pumpOneEventForFilters(EventDispatchThread.java:203)
	at java.desktop/java.awt.EventDispatchThread.pumpEventsForFilter(EventDispatchThread.java:124)
	at java.desktop/java.awt.EventDispatchThread.pumpEventsForHierarchy(EventDispatchThread.java:113)
	at java.desktop/java.awt.EventDispatchThread.pumpEvents(EventDispatchThread.java:109)
	at java.desktop/java.awt.EventDispatchThread.pumpEvents(EventDispatchThread.java:101)
	at java.desktop/java.awt.EventDispatchThread.run(EventDispatchThread.java:90)
[2026-07-06 10:44:41][ERROR] 创建数据库连接失败
com.microsoft.sqlserver.jdbc.SQLServerException: Read timed out ClientConnectionId:622df06a-42bf-4272-8ad1-68ac0e5c7a8c
	at com.microsoft.sqlserver.jdbc.SQLServerConnection.terminate(SQLServerConnection.java:4271)
	at com.microsoft.sqlserver.jdbc.TDSChannel.read(IOBuffer.java:2175)
	at com.microsoft.sqlserver.jdbc.TDSReader.readPacket(IOBuffer.java:6895)
	at com.microsoft.sqlserver.jdbc.TDSCommand.startResponse(IOBuffer.java:8147)
	at com.microsoft.sqlserver.jdbc.TDSCommand.startResponse(IOBuffer.java:8110)
	at com.microsoft.sqlserver.jdbc.SQLServerConnection.sendLogon(SQLServerConnection.java:6886)
	at com.microsoft.sqlserver.jdbc.SQLServerConnection.logon(SQLServerConnection.java:5434)
	at com.microsoft.sqlserver.jdbc.SQLServerConnection$LogonCommand.doExecute(SQLServerConnection.java:5366)
	at com.microsoft.sqlserver.jdbc.TDSCommand.execute(IOBuffer.java:7745)
	at com.microsoft.sqlserver.jdbc.SQLServerConnection.executeCommand(SQLServerConnection.java:4391)
	at com.microsoft.sqlserver.jdbc.SQLServerConnection.connectHelper(SQLServerConnection.java:3828)
	at com.microsoft.sqlserver.jdbc.SQLServerConnection.login(SQLServerConnection.java:3385)
	at com.microsoft.sqlserver.jdbc.SQLServerConnection.connectInternal(SQLServerConnection.java:3194)
	at com.microsoft.sqlserver.jdbc.SQLServerConnection.connect(SQLServerConnection.java:1971)
	at com.microsoft.sqlserver.jdbc.SQLServerDriver.connect(SQLServerDriver.java:1263)
	at java.sql/java.sql.DriverManager.getConnection(DriverManager.java:613)
	at java.sql/java.sql.DriverManager.getConnection(DriverManager.java:199)
	at util.ConnectionPool.createNewConnection(ConnectionPool.java:69)
	at util.ConnectionPool.getConnection(ConnectionPool.java:91)
	at util.DBUtil.getConnection(DBUtil.java:54)
	at dao.UserDaoImpl.findByUsername(UserDaoImpl.java:19)
	at service.UserService.login(UserService.java:36)
	at ui.LoginFrame.doLogin(LoginFrame.java:172)
	at ui.LoginFrame$1.keyPressed(LoginFrame.java:145)
	at java.desktop/java.awt.Component.processKeyEvent(Component.java:6534)
	at java.desktop/javax.swing.JComponent.processKeyEvent(JComponent.java:2911)
	at java.desktop/java.awt.Component.processEvent(Component.java:6353)
	at java.desktop/java.awt.Container.processEvent(Container.java:2260)
	at java.desktop/java.awt.Component.dispatchEventImpl(Component.java:4958)
	at java.desktop/java.awt.Container.dispatchEventImpl(Container.java:2318)
	at java.desktop/java.awt.Component.dispatchEvent(Component.java:4790)
	at java.desktop/java.awt.KeyboardFocusManager.redispatchEvent(KeyboardFocusManager.java:1829)
	at java.desktop/java.awt.DefaultKeyboardFocusManager.dispatchKeyEvent(DefaultKeyboardFocusManager.java:874)
	at java.desktop/java.awt.DefaultKeyboardFocusManager.preDispatchKeyEvent(DefaultKeyboardFocusManager.java:1136)
	at java.desktop/java.awt.DefaultKeyboardFocusManager.typeAheadAssertions(DefaultKeyboardFocusManager.java:1011)
	at java.desktop/java.awt.DefaultKeyboardFocusManager.dispatchEvent(DefaultKeyboardFocusManager.java:839)
	at java.desktop/java.awt.Component.dispatchEventImpl(Component.java:4839)
	at java.desktop/java.awt.Container.dispatchEventImpl(Container.java:2318)
	at java.desktop/java.awt.Window.dispatchEventImpl(Window.java:2671)
	at java.desktop/java.awt.Component.dispatchEvent(Component.java:4790)
	at java.desktop/java.awt.EventQueue.dispatchEventImpl(EventQueue.java:725)
	at java.desktop/java.awt.EventQueue.dispatchEvent(EventQueue.java:702)
	at java.desktop/java.awt.EventDispatchThread.pumpOneEventForFilters(EventDispatchThread.java:203)
	at java.desktop/java.awt.EventDispatchThread.pumpEventsForFilter(EventDispatchThread.java:124)
	at java.desktop/java.awt.EventDispatchThread.pumpEventsForHierarchy(EventDispatchThread.java:113)
	at java.desktop/java.awt.EventDispatchThread.pumpEvents(EventDispatchThread.java:109)
	at java.desktop/java.awt.EventDispatchThread.pumpEvents(EventDispatchThread.java:101)
	at java.desktop/java.awt.EventDispatchThread.run(EventDispatchThread.java:90)
Caused by: java.net.SocketTimeoutException: Read timed out
	at java.base/sun.nio.ch.NioSocketImpl.timedRead(NioSocketImpl.java:277)
	at java.base/sun.nio.ch.NioSocketImpl.implRead(NioSocketImpl.java:302)
	at java.base/sun.nio.ch.NioSocketImpl.read(NioSocketImpl.java:354)
	at java.base/sun.nio.ch.NioSocketImpl$1.read(NioSocketImpl.java:798)
	at java.base/java.net.Socket$SocketInputStream.implRead(Socket.java:974)
	at java.base/java.net.Socket$SocketInputStream.read(Socket.java:964)
	at com.microsoft.sqlserver.jdbc.TDSChannel$ProxyInputStream.readInternal(IOBuffer.java:1206)
	at com.microsoft.sqlserver.jdbc.TDSChannel$ProxyInputStream.read(IOBuffer.java:1192)
	at com.microsoft.sqlserver.jdbc.TDSChannel.read(IOBuffer.java:2166)
	... 46 more
[2026-07-06 10:44:41][ERROR] 按用户名查询用户失败
java.sql.SQLException: 无法创建新的数据库连接，请检查SQL Server服务、数据库配置及网络连接
	at util.ConnectionPool.getConnection(ConnectionPool.java:96)
	at util.DBUtil.getConnection(DBUtil.java:54)
	at dao.UserDaoImpl.findByUsername(UserDaoImpl.java:19)
	at service.UserService.login(UserService.java:36)
	at ui.LoginFrame.doLogin(LoginFrame.java:172)
	at ui.LoginFrame$1.keyPressed(LoginFrame.java:145)
	at java.desktop/java.awt.Component.processKeyEvent(Component.java:6534)
	at java.desktop/javax.swing.JComponent.processKeyEvent(JComponent.java:2911)
	at java.desktop/java.awt.Component.processEvent(Component.java:6353)
	at java.desktop/java.awt.Container.processEvent(Container.java:2260)
	at java.desktop/java.awt.Component.dispatchEventImpl(Component.java:4958)
	at java.desktop/java.awt.Container.dispatchEventImpl(Container.java:2318)
	at java.desktop/java.awt.Component.dispatchEvent(Component.java:4790)
	at java.desktop/java.awt.KeyboardFocusManager.redispatchEvent(KeyboardFocusManager.java:1829)
	at java.desktop/java.awt.DefaultKeyboardFocusManager.dispatchKeyEvent(DefaultKeyboardFocusManager.java:874)
	at java.desktop/java.awt.DefaultKeyboardFocusManager.preDispatchKeyEvent(DefaultKeyboardFocusManager.java:1136)
	at java.desktop/java.awt.DefaultKeyboardFocusManager.typeAheadAssertions(DefaultKeyboardFocusManager.java:1011)
	at java.desktop/java.awt.DefaultKeyboardFocusManager.dispatchEvent(DefaultKeyboardFocusManager.java:839)
	at java.desktop/java.awt.Component.dispatchEventImpl(Component.java:4839)
	at java.desktop/java.awt.Container.dispatchEventImpl(Container.java:2318)
	at java.desktop/java.awt.Window.dispatchEventImpl(Window.java:2671)
	at java.desktop/java.awt.Component.dispatchEvent(Component.java:4790)
	at java.desktop/java.awt.EventQueue.dispatchEventImpl(EventQueue.java:725)
	at java.desktop/java.awt.EventQueue.dispatchEvent(EventQueue.java:702)
	at java.desktop/java.awt.EventDispatchThread.pumpOneEventForFilters(EventDispatchThread.java:203)
	at java.desktop/java.awt.EventDispatchThread.pumpEventsForFilter(EventDispatchThread.java:124)
	at java.desktop/java.awt.EventDispatchThread.pumpEventsForHierarchy(EventDispatchThread.java:113)
	at java.desktop/java.awt.EventDispatchThread.pumpEvents(EventDispatchThread.java:109)
	at java.desktop/java.awt.EventDispatchThread.pumpEvents(EventDispatchThread.java:101)
	at java.desktop/java.awt.EventDispatchThread.run(EventDispatchThread.java:90)
[2026-07-06 10:44:45][ERROR] 创建数据库连接失败
com.microsoft.sqlserver.jdbc.SQLServerException: Read timed out ClientConnectionId:e1ed1f06-987f-44d5-a6a9-51f73d5a9a9f
	at com.microsoft.sqlserver.jdbc.SQLServerConnection.terminate(SQLServerConnection.java:4271)
	at com.microsoft.sqlserver.jdbc.TDSChannel.read(IOBuffer.java:2175)
	at com.microsoft.sqlserver.jdbc.TDSReader.readPacket(IOBuffer.java:6895)
	at com.microsoft.sqlserver.jdbc.TDSCommand.startResponse(IOBuffer.java:8147)
	at com.microsoft.sqlserver.jdbc.TDSCommand.startResponse(IOBuffer.java:8110)
	at com.microsoft.sqlserver.jdbc.SQLServerConnection.sendLogon(SQLServerConnection.java:6886)
	at com.microsoft.sqlserver.jdbc.SQLServerConnection.logon(SQLServerConnection.java:5434)
	at com.microsoft.sqlserver.jdbc.SQLServerConnection$LogonCommand.doExecute(SQLServerConnection.java:5366)
	at com.microsoft.sqlserver.jdbc.TDSCommand.execute(IOBuffer.java:7745)
	at com.microsoft.sqlserver.jdbc.SQLServerConnection.executeCommand(SQLServerConnection.java:4391)
	at com.microsoft.sqlserver.jdbc.SQLServerConnection.connectHelper(SQLServerConnection.java:3828)
	at com.microsoft.sqlserver.jdbc.SQLServerConnection.login(SQLServerConnection.java:3385)
	at com.microsoft.sqlserver.jdbc.SQLServerConnection.connectInternal(SQLServerConnection.java:3194)
	at com.microsoft.sqlserver.jdbc.SQLServerConnection.connect(SQLServerConnection.java:1971)
	at com.microsoft.sqlserver.jdbc.SQLServerDriver.connect(SQLServerDriver.java:1263)
	at java.sql/java.sql.DriverManager.getConnection(DriverManager.java:613)
	at java.sql/java.sql.DriverManager.getConnection(DriverManager.java:199)
	at util.ConnectionPool.createNewConnection(ConnectionPool.java:69)
	at util.ConnectionPool.getConnection(ConnectionPool.java:91)
	at util.DBUtil.getConnection(DBUtil.java:54)
	at dao.UserDaoImpl.findByUsername(UserDaoImpl.java:19)
	at service.UserService.login(UserService.java:36)
	at ui.LoginFrame.doLogin(LoginFrame.java:172)
	at ui.LoginFrame$1.keyPressed(LoginFrame.java:145)
	at java.desktop/java.awt.Component.processKeyEvent(Component.java:6534)
	at java.desktop/javax.swing.JComponent.processKeyEvent(JComponent.java:2911)
	at java.desktop/java.awt.Component.processEvent(Component.java:6353)
	at java.desktop/java.awt.Container.processEvent(Container.java:2260)
	at java.desktop/java.awt.Component.dispatchEventImpl(Component.java:4958)
	at java.desktop/java.awt.Container.dispatchEventImpl(Container.java:2318)
	at java.desktop/java.awt.Component.dispatchEvent(Component.java:4790)
	at java.desktop/java.awt.KeyboardFocusManager.redispatchEvent(KeyboardFocusManager.java:1829)
	at java.desktop/java.awt.DefaultKeyboardFocusManager.dispatchKeyEvent(DefaultKeyboardFocusManager.java:874)
	at java.desktop/java.awt.DefaultKeyboardFocusManager.preDispatchKeyEvent(DefaultKeyboardFocusManager.java:1136)
	at java.desktop/java.awt.DefaultKeyboardFocusManager.typeAheadAssertions(DefaultKeyboardFocusManager.java:1011)
	at java.desktop/java.awt.DefaultKeyboardFocusManager.dispatchEvent(DefaultKeyboardFocusManager.java:839)
	at java.desktop/java.awt.Component.dispatchEventImpl(Component.java:4839)
	at java.desktop/java.awt.Container.dispatchEventImpl(Container.java:2318)
	at java.desktop/java.awt.Window.dispatchEventImpl(Window.java:2671)
	at java.desktop/java.awt.Component.dispatchEvent(Component.java:4790)
	at java.desktop/java.awt.EventQueue.dispatchEventImpl(EventQueue.java:725)
	at java.desktop/java.awt.EventQueue.dispatchEvent(EventQueue.java:702)
	at java.desktop/java.awt.EventDispatchThread.pumpOneEventForFilters(EventDispatchThread.java:203)
	at java.desktop/java.awt.EventDispatchThread.pumpEventsForFilter(EventDispatchThread.java:124)
	at java.desktop/java.awt.EventDispatchThread.pumpEventsForHierarchy(EventDispatchThread.java:113)
	at java.desktop/java.awt.EventDispatchThread.pumpEvents(EventDispatchThread.java:109)
	at java.desktop/java.awt.EventDispatchThread.pumpEvents(EventDispatchThread.java:101)
	at java.desktop/java.awt.EventDispatchThread.run(EventDispatchThread.java:90)
Caused by: java.net.SocketTimeoutException: Read timed out
	at java.base/sun.nio.ch.NioSocketImpl.timedRead(NioSocketImpl.java:277)
	at java.base/sun.nio.ch.NioSocketImpl.implRead(NioSocketImpl.java:302)
	at java.base/sun.nio.ch.NioSocketImpl.read(NioSocketImpl.java:354)
	at java.base/sun.nio.ch.NioSocketImpl$1.read(NioSocketImpl.java:798)
	at java.base/java.net.Socket$SocketInputStream.implRead(Socket.java:974)
	at java.base/java.net.Socket$SocketInputStream.read(Socket.java:964)
	at com.microsoft.sqlserver.jdbc.TDSChannel$ProxyInputStream.readInternal(IOBuffer.java:1206)
	at com.microsoft.sqlserver.jdbc.TDSChannel$ProxyInputStream.read(IOBuffer.java:1192)
	at com.microsoft.sqlserver.jdbc.TDSChannel.read(IOBuffer.java:2166)
	... 46 more
[2026-07-06 10:44:45][ERROR] 按用户名查询用户失败
java.sql.SQLException: 无法创建新的数据库连接，请检查SQL Server服务、数据库配置及网络连接
	at util.ConnectionPool.getConnection(ConnectionPool.java:96)
	at util.DBUtil.getConnection(DBUtil.java:54)
	at dao.UserDaoImpl.findByUsername(UserDaoImpl.java:19)
	at service.UserService.login(UserService.java:36)
	at ui.LoginFrame.doLogin(LoginFrame.java:172)
	at ui.LoginFrame$1.keyPressed(LoginFrame.java:145)
	at java.desktop/java.awt.Component.processKeyEvent(Component.java:6534)
	at java.desktop/javax.swing.JComponent.processKeyEvent(JComponent.java:2911)
	at java.desktop/java.awt.Component.processEvent(Component.java:6353)
	at java.desktop/java.awt.Container.processEvent(Container.java:2260)
	at java.desktop/java.awt.Component.dispatchEventImpl(Component.java:4958)
	at java.desktop/java.awt.Container.dispatchEventImpl(Container.java:2318)
	at java.desktop/java.awt.Component.dispatchEvent(Component.java:4790)
	at java.desktop/java.awt.KeyboardFocusManager.redispatchEvent(KeyboardFocusManager.java:1829)
	at java.desktop/java.awt.DefaultKeyboardFocusManager.dispatchKeyEvent(DefaultKeyboardFocusManager.java:874)
	at java.desktop/java.awt.DefaultKeyboardFocusManager.preDispatchKeyEvent(DefaultKeyboardFocusManager.java:1136)
	at java.desktop/java.awt.DefaultKeyboardFocusManager.typeAheadAssertions(DefaultKeyboardFocusManager.java:1011)
	at java.desktop/java.awt.DefaultKeyboardFocusManager.dispatchEvent(DefaultKeyboardFocusManager.java:839)
	at java.desktop/java.awt.Component.dispatchEventImpl(Component.java:4839)
	at java.desktop/java.awt.Container.dispatchEventImpl(Container.java:2318)
	at java.desktop/java.awt.Window.dispatchEventImpl(Window.java:2671)
	at java.desktop/java.awt.Component.dispatchEvent(Component.java:4790)
	at java.desktop/java.awt.EventQueue.dispatchEventImpl(EventQueue.java:725)
	at java.desktop/java.awt.EventQueue.dispatchEvent(EventQueue.java:702)
	at java.desktop/java.awt.EventDispatchThread.pumpOneEventForFilters(EventDispatchThread.java:203)
	at java.desktop/java.awt.EventDispatchThread.pumpEventsForFilter(EventDispatchThread.java:124)
	at java.desktop/java.awt.EventDispatchThread.pumpEventsForHierarchy(EventDispatchThread.java:113)
	at java.desktop/java.awt.EventDispatchThread.pumpEvents(EventDispatchThread.java:109)
	at java.desktop/java.awt.EventDispatchThread.pumpEvents(EventDispatchThread.java:101)
	at java.desktop/java.awt.EventDispatchThread.run(EventDispatchThread.java:90)
[2026-07-06 10:44:52][ERROR] 创建数据库连接失败
com.microsoft.sqlserver.jdbc.SQLServerException: Read timed out ClientConnectionId:06d23372-f6da-4bcd-a9e0-65d7707fed2a
	at com.microsoft.sqlserver.jdbc.SQLServerConnection.terminate(SQLServerConnection.java:4271)
	at com.microsoft.sqlserver.jdbc.TDSChannel.read(IOBuffer.java:2175)
	at com.microsoft.sqlserver.jdbc.TDSReader.readPacket(IOBuffer.java:6895)
	at com.microsoft.sqlserver.jdbc.TDSCommand.startResponse(IOBuffer.java:8147)
	at com.microsoft.sqlserver.jdbc.TDSCommand.startResponse(IOBuffer.java:8110)
	at com.microsoft.sqlserver.jdbc.SQLServerConnection.sendLogon(SQLServerConnection.java:6886)
	at com.microsoft.sqlserver.jdbc.SQLServerConnection.logon(SQLServerConnection.java:5434)
	at com.microsoft.sqlserver.jdbc.SQLServerConnection$LogonCommand.doExecute(SQLServerConnection.java:5366)
	at com.microsoft.sqlserver.jdbc.TDSCommand.execute(IOBuffer.java:7745)
	at com.microsoft.sqlserver.jdbc.SQLServerConnection.executeCommand(SQLServerConnection.java:4391)
	at com.microsoft.sqlserver.jdbc.SQLServerConnection.connectHelper(SQLServerConnection.java:3828)
	at com.microsoft.sqlserver.jdbc.SQLServerConnection.login(SQLServerConnection.java:3385)
	at com.microsoft.sqlserver.jdbc.SQLServerConnection.connectInternal(SQLServerConnection.java:3194)
	at com.microsoft.sqlserver.jdbc.SQLServerConnection.connect(SQLServerConnection.java:1971)
	at com.microsoft.sqlserver.jdbc.SQLServerDriver.connect(SQLServerDriver.java:1263)
	at java.sql/java.sql.DriverManager.getConnection(DriverManager.java:613)
	at java.sql/java.sql.DriverManager.getConnection(DriverManager.java:199)
	at util.ConnectionPool.createNewConnection(ConnectionPool.java:69)
	at util.ConnectionPool.getConnection(ConnectionPool.java:91)
	at util.DBUtil.getConnection(DBUtil.java:54)
	at dao.UserDaoImpl.findByUsername(UserDaoImpl.java:19)
	at service.UserService.login(UserService.java:36)
	at ui.LoginFrame.doLogin(LoginFrame.java:172)
	at ui.LoginFrame.lambda$bindEvents$0(LoginFrame.java:140)
	at java.desktop/javax.swing.AbstractButton.fireActionPerformed(AbstractButton.java:1972)
	at java.desktop/javax.swing.AbstractButton$Handler.actionPerformed(AbstractButton.java:2314)
	at java.desktop/javax.swing.DefaultButtonModel.fireActionPerformed(DefaultButtonModel.java:407)
	at java.desktop/javax.swing.DefaultButtonModel.setPressed(DefaultButtonModel.java:262)
	at java.desktop/javax.swing.plaf.basic.BasicButtonListener.mouseReleased(BasicButtonListener.java:279)
	at java.desktop/java.awt.AWTEventMulticaster.mouseReleased(AWTEventMulticaster.java:299)
	at java.desktop/java.awt.Component.processMouseEvent(Component.java:6576)
	at java.desktop/javax.swing.JComponent.processMouseEvent(JComponent.java:3404)
	at java.desktop/java.awt.Component.processEvent(Component.java:6341)
	at java.desktop/java.awt.Container.processEvent(Container.java:2260)
	at java.desktop/java.awt.Component.dispatchEventImpl(Component.java:4958)
	at java.desktop/java.awt.Container.dispatchEventImpl(Container.java:2318)
	at java.desktop/java.awt.Component.dispatchEvent(Component.java:4790)
	at java.desktop/java.awt.LightweightDispatcher.retargetMouseEvent(Container.java:4917)
	at java.desktop/java.awt.LightweightDispatcher.processMouseEvent(Container.java:4560)
	at java.desktop/java.awt.LightweightDispatcher.dispatchEvent(Container.java:4501)
	at java.desktop/java.awt.Container.dispatchEventImpl(Container.java:2304)
	at java.desktop/java.awt.Window.dispatchEventImpl(Window.java:2671)
	at java.desktop/java.awt.Component.dispatchEvent(Component.java:4790)
	at java.desktop/java.awt.EventQueue.dispatchEventImpl(EventQueue.java:725)
	at java.desktop/java.awt.EventQueue.dispatchEvent(EventQueue.java:702)
	at java.desktop/java.awt.EventDispatchThread.pumpOneEventForFilters(EventDispatchThread.java:203)
	at java.desktop/java.awt.EventDispatchThread.pumpEventsForFilter(EventDispatchThread.java:124)
	at java.desktop/java.awt.EventDispatchThread.pumpEventsForHierarchy(EventDispatchThread.java:113)
	at java.desktop/java.awt.EventDispatchThread.pumpEvents(EventDispatchThread.java:109)
	at java.desktop/java.awt.EventDispatchThread.pumpEvents(EventDispatchThread.java:101)
	at java.desktop/java.awt.EventDispatchThread.run(EventDispatchThread.java:90)
Caused by: java.net.SocketTimeoutException: Read timed out
	at java.base/sun.nio.ch.NioSocketImpl.timedRead(NioSocketImpl.java:277)
	at java.base/sun.nio.ch.NioSocketImpl.implRead(NioSocketImpl.java:302)
	at java.base/sun.nio.ch.NioSocketImpl.read(NioSocketImpl.java:354)
	at java.base/sun.nio.ch.NioSocketImpl$1.read(NioSocketImpl.java:798)
	at java.base/java.net.Socket$SocketInputStream.implRead(Socket.java:974)
	at java.base/java.net.Socket$SocketInputStream.read(Socket.java:964)
	at com.microsoft.sqlserver.jdbc.TDSChannel$ProxyInputStream.readInternal(IOBuffer.java:1206)
	at com.microsoft.sqlserver.jdbc.TDSChannel$ProxyInputStream.read(IOBuffer.java:1192)
	at com.microsoft.sqlserver.jdbc.TDSChannel.read(IOBuffer.java:2166)
	... 49 more
[2026-07-06 10:44:52][ERROR] 按用户名查询用户失败
java.sql.SQLException: 无法创建新的数据库连接，请检查SQL Server服务、数据库配置及网络连接
	at util.ConnectionPool.getConnection(ConnectionPool.java:96)
	at util.DBUtil.getConnection(DBUtil.java:54)
	at dao.UserDaoImpl.findByUsername(UserDaoImpl.java:19)
	at service.UserService.login(UserService.java:36)
	at ui.LoginFrame.doLogin(LoginFrame.java:172)
	at ui.LoginFrame.lambda$bindEvents$0(LoginFrame.java:140)
	at java.desktop/javax.swing.AbstractButton.fireActionPerformed(AbstractButton.java:1972)
	at java.desktop/javax.swing.AbstractButton$Handler.actionPerformed(AbstractButton.java:2314)
	at java.desktop/javax.swing.DefaultButtonModel.fireActionPerformed(DefaultButtonModel.java:407)
	at java.desktop/javax.swing.DefaultButtonModel.setPressed(DefaultButtonModel.java:262)
	at java.desktop/javax.swing.plaf.basic.BasicButtonListener.mouseReleased(BasicButtonListener.java:279)
	at java.desktop/java.awt.AWTEventMulticaster.mouseReleased(AWTEventMulticaster.java:299)
	at java.desktop/java.awt.Component.processMouseEvent(Component.java:6576)
	at java.desktop/javax.swing.JComponent.processMouseEvent(JComponent.java:3404)
	at java.desktop/java.awt.Component.processEvent(Component.java:6341)
	at java.desktop/java.awt.Container.processEvent(Container.java:2260)
	at java.desktop/java.awt.Component.dispatchEventImpl(Component.java:4958)
	at java.desktop/java.awt.Container.dispatchEventImpl(Container.java:2318)
	at java.desktop/java.awt.Component.dispatchEvent(Component.java:4790)
	at java.desktop/java.awt.LightweightDispatcher.retargetMouseEvent(Container.java:4917)
	at java.desktop/java.awt.LightweightDispatcher.processMouseEvent(Container.java:4560)
	at java.desktop/java.awt.LightweightDispatcher.dispatchEvent(Container.java:4501)
	at java.desktop/java.awt.Container.dispatchEventImpl(Container.java:2304)
	at java.desktop/java.awt.Window.dispatchEventImpl(Window.java:2671)
	at java.desktop/java.awt.Component.dispatchEvent(Component.java:4790)
	at java.desktop/java.awt.EventQueue.dispatchEventImpl(EventQueue.java:725)
	at java.desktop/java.awt.EventQueue.dispatchEvent(EventQueue.java:702)
	at java.desktop/java.awt.EventDispatchThread.pumpOneEventForFilters(EventDispatchThread.java:203)
	at java.desktop/java.awt.EventDispatchThread.pumpEventsForFilter(EventDispatchThread.java:124)
	at java.desktop/java.awt.EventDispatchThread.pumpEventsForHierarchy(EventDispatchThread.java:113)
	at java.desktop/java.awt.EventDispatchThread.pumpEvents(EventDispatchThread.java:109)
	at java.desktop/java.awt.EventDispatchThread.pumpEvents(EventDispatchThread.java:101)
	at java.desktop/java.awt.EventDispatchThread.run(EventDispatchThread.java:90)
[2026-07-06 10:51:45][ERROR] 创建数据库连接失败
com.microsoft.sqlserver.jdbc.SQLServerException: “Encrypt”属性设置为“false”且 “trustServerCertificate”属性设置为“true”，但驱动程序无法使用安全套接字层 (SSL) 加密与 SQL Server 建立安全连接:错误:(unexpected_message) Read timed out ClientConnectionId:272b0ef8-1385-42ac-8521-652dd4e0db3c。
	at com.microsoft.sqlserver.jdbc.SQLServerConnection.terminate(SQLServerConnection.java:4271)
	at com.microsoft.sqlserver.jdbc.TDSChannel.enableSSL(IOBuffer.java:1965)
	at com.microsoft.sqlserver.jdbc.SQLServerConnection.connectHelper(SQLServerConnection.java:3797)
	at com.microsoft.sqlserver.jdbc.SQLServerConnection.login(SQLServerConnection.java:3385)
	at com.microsoft.sqlserver.jdbc.SQLServerConnection.connectInternal(SQLServerConnection.java:3194)
	at com.microsoft.sqlserver.jdbc.SQLServerConnection.connect(SQLServerConnection.java:1971)
	at com.microsoft.sqlserver.jdbc.SQLServerDriver.connect(SQLServerDriver.java:1263)
	at java.sql/java.sql.DriverManager.getConnection(DriverManager.java:613)
	at java.sql/java.sql.DriverManager.getConnection(DriverManager.java:199)
	at util.ConnectionPool.createNewConnection(ConnectionPool.java:69)
	at util.ConnectionPool.initializePool(ConnectionPool.java:55)
	at util.ConnectionPool.<init>(ConnectionPool.java:48)
	at util.DBUtil.<clinit>(DBUtil.java:41)
	at ui.LoginFrame.<init>(LoginFrame.java:36)
	at Main.lambda$main$0(Main.java:29)
	at java.desktop/java.awt.event.InvocationEvent.dispatch(InvocationEvent.java:323)
	at java.desktop/java.awt.EventQueue.dispatchEventImpl(EventQueue.java:723)
	at java.desktop/java.awt.EventQueue.dispatchEvent(EventQueue.java:702)
	at java.desktop/java.awt.EventDispatchThread.pumpOneEventForFilters(EventDispatchThread.java:203)
	at java.desktop/java.awt.EventDispatchThread.pumpEventsForFilter(EventDispatchThread.java:124)
	at java.desktop/java.awt.EventDispatchThread.pumpEventsForHierarchy(EventDispatchThread.java:113)
	at java.desktop/java.awt.EventDispatchThread.pumpEvents(EventDispatchThread.java:109)
	at java.desktop/java.awt.EventDispatchThread.pumpEvents(EventDispatchThread.java:101)
	at java.desktop/java.awt.EventDispatchThread.run(EventDispatchThread.java:90)
Caused by: javax.net.ssl.SSLException: (unexpected_message) Read timed out ClientConnectionId:272b0ef8-1385-42ac-8521-652dd4e0db3c
	at java.base/sun.security.ssl.Alert.createSSLException(Alert.java:126)
	at java.base/sun.security.ssl.TransportContext.fatal(TransportContext.java:376)
	at java.base/sun.security.ssl.TransportContext.fatal(TransportContext.java:319)
	at java.base/sun.security.ssl.TransportContext.fatal(TransportContext.java:314)
	at java.base/sun.security.ssl.SSLTransport.decode(SSLTransport.java:145)
	at java.base/sun.security.ssl.SSLSocketImpl.decode(SSLSocketImpl.java:1506)
	at java.base/sun.security.ssl.SSLSocketImpl.readHandshakeRecord(SSLSocketImpl.java:1421)
	at java.base/sun.security.ssl.SSLSocketImpl.startHandshake(SSLSocketImpl.java:455)
	at java.base/sun.security.ssl.SSLSocketImpl.startHandshake(SSLSocketImpl.java:426)
	at com.microsoft.sqlserver.jdbc.TDSChannel.enableSSL(IOBuffer.java:1854)
	... 22 more
Caused by: java.io.IOException: Read timed out ClientConnectionId:272b0ef8-1385-42ac-8521-652dd4e0db3c
	at com.microsoft.sqlserver.jdbc.TDSChannel$SSLHandshakeInputStream.ensureSSLPayload(IOBuffer.java:895)
	at com.microsoft.sqlserver.jdbc.TDSChannel$SSLHandshakeInputStream.readInternal(IOBuffer.java:949)
	at com.microsoft.sqlserver.jdbc.TDSChannel$SSLHandshakeInputStream.read(IOBuffer.java:942)
	at com.microsoft.sqlserver.jdbc.TDSChannel$ProxyInputStream.readInternal(IOBuffer.java:1206)
	at com.microsoft.sqlserver.jdbc.TDSChannel$ProxyInputStream.read(IOBuffer.java:1192)
	at java.base/sun.security.ssl.SSLSocketInputRecord.read(SSLSocketInputRecord.java:489)
	at java.base/sun.security.ssl.SSLSocketInputRecord.readHeader(SSLSocketInputRecord.java:483)
	at java.base/sun.security.ssl.SSLSocketInputRecord.decode(SSLSocketInputRecord.java:160)
	at java.base/sun.security.ssl.SSLTransport.decode(SSLTransport.java:111)
	... 27 more
[2026-07-06 10:51:46][ERROR] 创建数据库连接失败
com.microsoft.sqlserver.jdbc.SQLServerException: Read timed out ClientConnectionId:a2e3eb55-8c03-4c6f-b004-01cb55b55dc8
	at com.microsoft.sqlserver.jdbc.SQLServerConnection.terminate(SQLServerConnection.java:4271)
	at com.microsoft.sqlserver.jdbc.TDSChannel.read(IOBuffer.java:2175)
	at com.microsoft.sqlserver.jdbc.SQLServerConnection.prelogin(SQLServerConnection.java:3981)
	at com.microsoft.sqlserver.jdbc.SQLServerConnection.connectHelper(SQLServerConnection.java:3793)
	at com.microsoft.sqlserver.jdbc.SQLServerConnection.login(SQLServerConnection.java:3385)
	at com.microsoft.sqlserver.jdbc.SQLServerConnection.connectInternal(SQLServerConnection.java:3194)
	at com.microsoft.sqlserver.jdbc.SQLServerConnection.connect(SQLServerConnection.java:1971)
	at com.microsoft.sqlserver.jdbc.SQLServerDriver.connect(SQLServerDriver.java:1263)
	at java.sql/java.sql.DriverManager.getConnection(DriverManager.java:613)
	at java.sql/java.sql.DriverManager.getConnection(DriverManager.java:199)
	at util.ConnectionPool.createNewConnection(ConnectionPool.java:69)
	at util.ConnectionPool.initializePool(ConnectionPool.java:55)
	at util.ConnectionPool.<init>(ConnectionPool.java:48)
	at util.DBUtil.<clinit>(DBUtil.java:41)
	at ui.LoginFrame.<init>(LoginFrame.java:36)
	at Main.lambda$main$0(Main.java:29)
	at java.desktop/java.awt.event.InvocationEvent.dispatch(InvocationEvent.java:323)
	at java.desktop/java.awt.EventQueue.dispatchEventImpl(EventQueue.java:723)
	at java.desktop/java.awt.EventQueue.dispatchEvent(EventQueue.java:702)
	at java.desktop/java.awt.EventDispatchThread.pumpOneEventForFilters(EventDispatchThread.java:203)
	at java.desktop/java.awt.EventDispatchThread.pumpEventsForFilter(EventDispatchThread.java:124)
	at java.desktop/java.awt.EventDispatchThread.pumpEventsForHierarchy(EventDispatchThread.java:113)
	at java.desktop/java.awt.EventDispatchThread.pumpEvents(EventDispatchThread.java:109)
	at java.desktop/java.awt.EventDispatchThread.pumpEvents(EventDispatchThread.java:101)
	at java.desktop/java.awt.EventDispatchThread.run(EventDispatchThread.java:90)
Caused by: java.net.SocketTimeoutException: Read timed out
	at java.base/sun.nio.ch.NioSocketImpl.timedRead(NioSocketImpl.java:277)
	at java.base/sun.nio.ch.NioSocketImpl.implRead(NioSocketImpl.java:302)
	at java.base/sun.nio.ch.NioSocketImpl.read(NioSocketImpl.java:354)
	at java.base/sun.nio.ch.NioSocketImpl$1.read(NioSocketImpl.java:798)
	at java.base/java.net.Socket$SocketInputStream.implRead(Socket.java:974)
	at java.base/java.net.Socket$SocketInputStream.read(Socket.java:964)
	at com.microsoft.sqlserver.jdbc.TDSChannel$ProxyInputStream.readInternal(IOBuffer.java:1206)
	at com.microsoft.sqlserver.jdbc.TDSChannel$ProxyInputStream.read(IOBuffer.java:1192)
	at com.microsoft.sqlserver.jdbc.TDSChannel.read(IOBuffer.java:2166)
	... 23 more
[2026-07-06 10:51:46][ERROR] 创建数据库连接失败
com.microsoft.sqlserver.jdbc.SQLServerException: Read timed out ClientConnectionId:49a50fdd-d78e-4c90-9ba0-e765035ab882
	at com.microsoft.sqlserver.jdbc.SQLServerConnection.terminate(SQLServerConnection.java:4271)
	at com.microsoft.sqlserver.jdbc.TDSChannel.read(IOBuffer.java:2175)
	at com.microsoft.sqlserver.jdbc.SQLServerConnection.prelogin(SQLServerConnection.java:3981)
	at com.microsoft.sqlserver.jdbc.SQLServerConnection.connectHelper(SQLServerConnection.java:3793)
	at com.microsoft.sqlserver.jdbc.SQLServerConnection.login(SQLServerConnection.java:3385)
	at com.microsoft.sqlserver.jdbc.SQLServerConnection.connectInternal(SQLServerConnection.java:3194)
	at com.microsoft.sqlserver.jdbc.SQLServerConnection.connect(SQLServerConnection.java:1971)
	at com.microsoft.sqlserver.jdbc.SQLServerDriver.connect(SQLServerDriver.java:1263)
	at java.sql/java.sql.DriverManager.getConnection(DriverManager.java:613)
	at java.sql/java.sql.DriverManager.getConnection(DriverManager.java:199)
	at util.ConnectionPool.createNewConnection(ConnectionPool.java:69)
	at util.ConnectionPool.initializePool(ConnectionPool.java:55)
	at util.ConnectionPool.<init>(ConnectionPool.java:48)
	at util.DBUtil.<clinit>(DBUtil.java:41)
	at ui.LoginFrame.<init>(LoginFrame.java:36)
	at Main.lambda$main$0(Main.java:29)
	at java.desktop/java.awt.event.InvocationEvent.dispatch(InvocationEvent.java:323)
	at java.desktop/java.awt.EventQueue.dispatchEventImpl(EventQueue.java:723)
	at java.desktop/java.awt.EventQueue.dispatchEvent(EventQueue.java:702)
	at java.desktop/java.awt.EventDispatchThread.pumpOneEventForFilters(EventDispatchThread.java:203)
	at java.desktop/java.awt.EventDispatchThread.pumpEventsForFilter(EventDispatchThread.java:124)
	at java.desktop/java.awt.EventDispatchThread.pumpEventsForHierarchy(EventDispatchThread.java:113)
	at java.desktop/java.awt.EventDispatchThread.pumpEvents(EventDispatchThread.java:109)
	at java.desktop/java.awt.EventDispatchThread.pumpEvents(EventDispatchThread.java:101)
	at java.desktop/java.awt.EventDispatchThread.run(EventDispatchThread.java:90)
Caused by: java.net.SocketTimeoutException: Read timed out
	at java.base/sun.nio.ch.NioSocketImpl.timedRead(NioSocketImpl.java:277)
	at java.base/sun.nio.ch.NioSocketImpl.implRead(NioSocketImpl.java:302)
	at java.base/sun.nio.ch.NioSocketImpl.read(NioSocketImpl.java:354)
	at java.base/sun.nio.ch.NioSocketImpl$1.read(NioSocketImpl.java:798)
	at java.base/java.net.Socket$SocketInputStream.implRead(Socket.java:974)
	at java.base/java.net.Socket$SocketInputStream.read(Socket.java:964)
	at com.microsoft.sqlserver.jdbc.TDSChannel$ProxyInputStream.readInternal(IOBuffer.java:1206)
	at com.microsoft.sqlserver.jdbc.TDSChannel$ProxyInputStream.read(IOBuffer.java:1192)
	at com.microsoft.sqlserver.jdbc.TDSChannel.read(IOBuffer.java:2166)
	... 23 more
[2026-07-06 10:51:46][ERROR] 创建数据库连接失败
com.microsoft.sqlserver.jdbc.SQLServerException: Read timed out ClientConnectionId:d08ee60d-6c22-42cb-9828-308fd6350846
	at com.microsoft.sqlserver.jdbc.SQLServerConnection.terminate(SQLServerConnection.java:4271)
	at com.microsoft.sqlserver.jdbc.TDSChannel.read(IOBuffer.java:2175)
	at com.microsoft.sqlserver.jdbc.SQLServerConnection.prelogin(SQLServerConnection.java:3981)
	at com.microsoft.sqlserver.jdbc.SQLServerConnection.connectHelper(SQLServerConnection.java:3793)
	at com.microsoft.sqlserver.jdbc.SQLServerConnection.login(SQLServerConnection.java:3385)
	at com.microsoft.sqlserver.jdbc.SQLServerConnection.connectInternal(SQLServerConnection.java:3194)
	at com.microsoft.sqlserver.jdbc.SQLServerConnection.connect(SQLServerConnection.java:1971)
	at com.microsoft.sqlserver.jdbc.SQLServerDriver.connect(SQLServerDriver.java:1263)
	at java.sql/java.sql.DriverManager.getConnection(DriverManager.java:613)
	at java.sql/java.sql.DriverManager.getConnection(DriverManager.java:199)
	at util.ConnectionPool.createNewConnection(ConnectionPool.java:69)
	at util.ConnectionPool.initializePool(ConnectionPool.java:55)
	at util.ConnectionPool.<init>(ConnectionPool.java:48)
	at util.DBUtil.<clinit>(DBUtil.java:41)
	at ui.LoginFrame.<init>(LoginFrame.java:36)
	at Main.lambda$main$0(Main.java:29)
	at java.desktop/java.awt.event.InvocationEvent.dispatch(InvocationEvent.java:323)
	at java.desktop/java.awt.EventQueue.dispatchEventImpl(EventQueue.java:723)
	at java.desktop/java.awt.EventQueue.dispatchEvent(EventQueue.java:702)
	at java.desktop/java.awt.EventDispatchThread.pumpOneEventForFilters(EventDispatchThread.java:203)
	at java.desktop/java.awt.EventDispatchThread.pumpEventsForFilter(EventDispatchThread.java:124)
	at java.desktop/java.awt.EventDispatchThread.pumpEventsForHierarchy(EventDispatchThread.java:113)
	at java.desktop/java.awt.EventDispatchThread.pumpEvents(EventDispatchThread.java:109)
	at java.desktop/java.awt.EventDispatchThread.pumpEvents(EventDispatchThread.java:101)
	at java.desktop/java.awt.EventDispatchThread.run(EventDispatchThread.java:90)
Caused by: java.net.SocketTimeoutException: Read timed out
	at java.base/sun.nio.ch.NioSocketImpl.timedRead(NioSocketImpl.java:277)
	at java.base/sun.nio.ch.NioSocketImpl.implRead(NioSocketImpl.java:302)
	at java.base/sun.nio.ch.NioSocketImpl.read(NioSocketImpl.java:354)
	at java.base/sun.nio.ch.NioSocketImpl$1.read(NioSocketImpl.java:798)
	at java.base/java.net.Socket$SocketInputStream.implRead(Socket.java:974)
	at java.base/java.net.Socket$SocketInputStream.read(Socket.java:964)
	at com.microsoft.sqlserver.jdbc.TDSChannel$ProxyInputStream.readInternal(IOBuffer.java:1206)
	at com.microsoft.sqlserver.jdbc.TDSChannel$ProxyInputStream.read(IOBuffer.java:1192)
	at com.microsoft.sqlserver.jdbc.TDSChannel.read(IOBuffer.java:2166)
	... 23 more
[2026-07-06 10:51:46][ERROR] 创建数据库连接失败
com.microsoft.sqlserver.jdbc.SQLServerException: Read timed out ClientConnectionId:90e4dd26-2ff2-45dc-886e-797b60e4554a
	at com.microsoft.sqlserver.jdbc.SQLServerConnection.terminate(SQLServerConnection.java:4271)
	at com.microsoft.sqlserver.jdbc.TDSChannel.read(IOBuffer.java:2175)
	at com.microsoft.sqlserver.jdbc.TDSReader.readPacket(IOBuffer.java:6895)
	at com.microsoft.sqlserver.jdbc.TDSCommand.startResponse(IOBuffer.java:8147)
	at com.microsoft.sqlserver.jdbc.TDSCommand.startResponse(IOBuffer.java:8110)
	at com.microsoft.sqlserver.jdbc.SQLServerConnection.sendLogon(SQLServerConnection.java:6886)
	at com.microsoft.sqlserver.jdbc.SQLServerConnection.logon(SQLServerConnection.java:5434)
	at com.microsoft.sqlserver.jdbc.SQLServerConnection$LogonCommand.doExecute(SQLServerConnection.java:5366)
	at com.microsoft.sqlserver.jdbc.TDSCommand.execute(IOBuffer.java:7745)
	at com.microsoft.sqlserver.jdbc.SQLServerConnection.executeCommand(SQLServerConnection.java:4391)
	at com.microsoft.sqlserver.jdbc.SQLServerConnection.connectHelper(SQLServerConnection.java:3828)
	at com.microsoft.sqlserver.jdbc.SQLServerConnection.login(SQLServerConnection.java:3385)
	at com.microsoft.sqlserver.jdbc.SQLServerConnection.connectInternal(SQLServerConnection.java:3194)
	at com.microsoft.sqlserver.jdbc.SQLServerConnection.connect(SQLServerConnection.java:1971)
	at com.microsoft.sqlserver.jdbc.SQLServerDriver.connect(SQLServerDriver.java:1263)
	at java.sql/java.sql.DriverManager.getConnection(DriverManager.java:613)
	at java.sql/java.sql.DriverManager.getConnection(DriverManager.java:199)
	at util.ConnectionPool.createNewConnection(ConnectionPool.java:69)
	at util.ConnectionPool.initializePool(ConnectionPool.java:55)
	at util.ConnectionPool.<init>(ConnectionPool.java:48)
	at util.DBUtil.<clinit>(DBUtil.java:41)
	at ui.LoginFrame.<init>(LoginFrame.java:36)
	at Main.lambda$main$0(Main.java:29)
	at java.desktop/java.awt.event.InvocationEvent.dispatch(InvocationEvent.java:323)
	at java.desktop/java.awt.EventQueue.dispatchEventImpl(EventQueue.java:723)
	at java.desktop/java.awt.EventQueue.dispatchEvent(EventQueue.java:702)
	at java.desktop/java.awt.EventDispatchThread.pumpOneEventForFilters(EventDispatchThread.java:203)
	at java.desktop/java.awt.EventDispatchThread.pumpEventsForFilter(EventDispatchThread.java:124)
	at java.desktop/java.awt.EventDispatchThread.pumpEventsForHierarchy(EventDispatchThread.java:113)
	at java.desktop/java.awt.EventDispatchThread.pumpEvents(EventDispatchThread.java:109)
	at java.desktop/java.awt.EventDispatchThread.pumpEvents(EventDispatchThread.java:101)
	at java.desktop/java.awt.EventDispatchThread.run(EventDispatchThread.java:90)
Caused by: java.net.SocketTimeoutException: Read timed out
	at java.base/sun.nio.ch.NioSocketImpl.timedRead(NioSocketImpl.java:277)
	at java.base/sun.nio.ch.NioSocketImpl.implRead(NioSocketImpl.java:302)
	at java.base/sun.nio.ch.NioSocketImpl.read(NioSocketImpl.java:354)
	at java.base/sun.nio.ch.NioSocketImpl$1.read(NioSocketImpl.java:798)
	at java.base/java.net.Socket$SocketInputStream.implRead(Socket.java:974)
	at java.base/java.net.Socket$SocketInputStream.read(Socket.java:964)
	at com.microsoft.sqlserver.jdbc.TDSChannel$ProxyInputStream.readInternal(IOBuffer.java:1206)
	at com.microsoft.sqlserver.jdbc.TDSChannel$ProxyInputStream.read(IOBuffer.java:1192)
	at com.microsoft.sqlserver.jdbc.TDSChannel.read(IOBuffer.java:2166)
	... 30 more
[2026-07-06 10:51:46][INFO] 连接池初始化完成，初始连接数: 0
[2026-07-06 10:51:46][ERROR] 创建数据库连接失败
com.microsoft.sqlserver.jdbc.SQLServerException: Read timed out ClientConnectionId:26de53b5-7f23-4423-bb36-93546edab06c
	at com.microsoft.sqlserver.jdbc.SQLServerConnection.terminate(SQLServerConnection.java:4271)
	at com.microsoft.sqlserver.jdbc.TDSChannel.read(IOBuffer.java:2175)
	at com.microsoft.sqlserver.jdbc.SQLServerConnection.prelogin(SQLServerConnection.java:3981)
	at com.microsoft.sqlserver.jdbc.SQLServerConnection.connectHelper(SQLServerConnection.java:3793)
	at com.microsoft.sqlserver.jdbc.SQLServerConnection.login(SQLServerConnection.java:3385)
	at com.microsoft.sqlserver.jdbc.SQLServerConnection.connectInternal(SQLServerConnection.java:3194)
	at com.microsoft.sqlserver.jdbc.SQLServerConnection.connect(SQLServerConnection.java:1971)
	at com.microsoft.sqlserver.jdbc.SQLServerDriver.connect(SQLServerDriver.java:1263)
	at java.sql/java.sql.DriverManager.getConnection(DriverManager.java:613)
	at java.sql/java.sql.DriverManager.getConnection(DriverManager.java:199)
	at util.ConnectionPool.createNewConnection(ConnectionPool.java:69)
	at util.ConnectionPool.getConnection(ConnectionPool.java:91)
	at util.DBUtil.getConnection(DBUtil.java:55)
	at util.DBUtil.testConnection(DBUtil.java:77)
	at ui.LoginFrame.<init>(LoginFrame.java:36)
	at Main.lambda$main$0(Main.java:29)
	at java.desktop/java.awt.event.InvocationEvent.dispatch(InvocationEvent.java:323)
	at java.desktop/java.awt.EventQueue.dispatchEventImpl(EventQueue.java:723)
	at java.desktop/java.awt.EventQueue.dispatchEvent(EventQueue.java:702)
	at java.desktop/java.awt.EventDispatchThread.pumpOneEventForFilters(EventDispatchThread.java:203)
	at java.desktop/java.awt.EventDispatchThread.pumpEventsForFilter(EventDispatchThread.java:124)
	at java.desktop/java.awt.EventDispatchThread.pumpEventsForHierarchy(EventDispatchThread.java:113)
	at java.desktop/java.awt.EventDispatchThread.pumpEvents(EventDispatchThread.java:109)
	at java.desktop/java.awt.EventDispatchThread.pumpEvents(EventDispatchThread.java:101)
	at java.desktop/java.awt.EventDispatchThread.run(EventDispatchThread.java:90)
Caused by: java.net.SocketTimeoutException: Read timed out
	at java.base/sun.nio.ch.NioSocketImpl.timedRead(NioSocketImpl.java:277)
	at java.base/sun.nio.ch.NioSocketImpl.implRead(NioSocketImpl.java:302)
	at java.base/sun.nio.ch.NioSocketImpl.read(NioSocketImpl.java:354)
	at java.base/sun.nio.ch.NioSocketImpl$1.read(NioSocketImpl.java:798)
	at java.base/java.net.Socket$SocketInputStream.implRead(Socket.java:974)
	at java.base/java.net.Socket$SocketInputStream.read(Socket.java:964)
	at com.microsoft.sqlserver.jdbc.TDSChannel$ProxyInputStream.readInternal(IOBuffer.java:1206)
	at com.microsoft.sqlserver.jdbc.TDSChannel$ProxyInputStream.read(IOBuffer.java:1192)
	at com.microsoft.sqlserver.jdbc.TDSChannel.read(IOBuffer.java:2166)
	... 23 more
[2026-07-06 10:51:46][ERROR] 数据库连接测试失败
java.sql.SQLException: 无法创建新的数据库连接，请检查SQL Server服务、数据库配置及网络连接
	at util.ConnectionPool.getConnection(ConnectionPool.java:96)
	at util.DBUtil.getConnection(DBUtil.java:55)
	at util.DBUtil.testConnection(DBUtil.java:77)
	at ui.LoginFrame.<init>(LoginFrame.java:36)
	at Main.lambda$main$0(Main.java:29)
	at java.desktop/java.awt.event.InvocationEvent.dispatch(InvocationEvent.java:323)
	at java.desktop/java.awt.EventQueue.dispatchEventImpl(EventQueue.java:723)
	at java.desktop/java.awt.EventQueue.dispatchEvent(EventQueue.java:702)
	at java.desktop/java.awt.EventDispatchThread.pumpOneEventForFilters(EventDispatchThread.java:203)
	at java.desktop/java.awt.EventDispatchThread.pumpEventsForFilter(EventDispatchThread.java:124)
	at java.desktop/java.awt.EventDispatchThread.pumpEventsForHierarchy(EventDispatchThread.java:113)
	at java.desktop/java.awt.EventDispatchThread.pumpEvents(EventDispatchThread.java:109)
	at java.desktop/java.awt.EventDispatchThread.pumpEvents(EventDispatchThread.java:101)
	at java.desktop/java.awt.EventDispatchThread.run(EventDispatchThread.java:90)
[2026-07-06 10:51:54][ERROR] 创建数据库连接失败
com.microsoft.sqlserver.jdbc.SQLServerException: “Encrypt”属性设置为“false”且 “trustServerCertificate”属性设置为“true”，但驱动程序无法使用安全套接字层 (SSL) 加密与 SQL Server 建立安全连接:错误:(unexpected_message) Read timed out ClientConnectionId:67b3e7de-1845-4189-b718-68d792dc5f3e。
	at com.microsoft.sqlserver.jdbc.SQLServerConnection.terminate(SQLServerConnection.java:4271)
	at com.microsoft.sqlserver.jdbc.TDSChannel.enableSSL(IOBuffer.java:1965)
	at com.microsoft.sqlserver.jdbc.SQLServerConnection.connectHelper(SQLServerConnection.java:3797)
	at com.microsoft.sqlserver.jdbc.SQLServerConnection.login(SQLServerConnection.java:3385)
	at com.microsoft.sqlserver.jdbc.SQLServerConnection.connectInternal(SQLServerConnection.java:3194)
	at com.microsoft.sqlserver.jdbc.SQLServerConnection.connect(SQLServerConnection.java:1971)
	at com.microsoft.sqlserver.jdbc.SQLServerDriver.connect(SQLServerDriver.java:1263)
	at java.sql/java.sql.DriverManager.getConnection(DriverManager.java:613)
	at java.sql/java.sql.DriverManager.getConnection(DriverManager.java:199)
	at util.ConnectionPool.createNewConnection(ConnectionPool.java:69)
	at util.ConnectionPool.getConnection(ConnectionPool.java:91)
	at util.DBUtil.getConnection(DBUtil.java:55)
	at dao.UserDaoImpl.findByUsername(UserDaoImpl.java:19)
	at service.UserService.login(UserService.java:36)
	at ui.LoginFrame.doLogin(LoginFrame.java:172)
	at ui.LoginFrame$1.keyPressed(LoginFrame.java:145)
	at java.desktop/java.awt.Component.processKeyEvent(Component.java:6534)
	at java.desktop/javax.swing.JComponent.processKeyEvent(JComponent.java:2911)
	at java.desktop/java.awt.Component.processEvent(Component.java:6353)
	at java.desktop/java.awt.Container.processEvent(Container.java:2260)
	at java.desktop/java.awt.Component.dispatchEventImpl(Component.java:4958)
	at java.desktop/java.awt.Container.dispatchEventImpl(Container.java:2318)
	at java.desktop/java.awt.Component.dispatchEvent(Component.java:4790)
	at java.desktop/java.awt.KeyboardFocusManager.redispatchEvent(KeyboardFocusManager.java:1829)
	at java.desktop/java.awt.DefaultKeyboardFocusManager.dispatchKeyEvent(DefaultKeyboardFocusManager.java:874)
	at java.desktop/java.awt.DefaultKeyboardFocusManager.preDispatchKeyEvent(DefaultKeyboardFocusManager.java:1136)
	at java.desktop/java.awt.DefaultKeyboardFocusManager.typeAheadAssertions(DefaultKeyboardFocusManager.java:1011)
	at java.desktop/java.awt.DefaultKeyboardFocusManager.dispatchEvent(DefaultKeyboardFocusManager.java:839)
	at java.desktop/java.awt.Component.dispatchEventImpl(Component.java:4839)
	at java.desktop/java.awt.Container.dispatchEventImpl(Container.java:2318)
	at java.desktop/java.awt.Window.dispatchEventImpl(Window.java:2671)
	at java.desktop/java.awt.Component.dispatchEvent(Component.java:4790)
	at java.desktop/java.awt.EventQueue.dispatchEventImpl(EventQueue.java:725)
	at java.desktop/java.awt.EventQueue.dispatchEvent(EventQueue.java:702)
	at java.desktop/java.awt.EventDispatchThread.pumpOneEventForFilters(EventDispatchThread.java:203)
	at java.desktop/java.awt.EventDispatchThread.pumpEventsForFilter(EventDispatchThread.java:124)
	at java.desktop/java.awt.EventDispatchThread.pumpEventsForHierarchy(EventDispatchThread.java:113)
	at java.desktop/java.awt.EventDispatchThread.pumpEvents(EventDispatchThread.java:109)
	at java.desktop/java.awt.EventDispatchThread.pumpEvents(EventDispatchThread.java:101)
	at java.desktop/java.awt.EventDispatchThread.run(EventDispatchThread.java:90)
Caused by: javax.net.ssl.SSLException: (unexpected_message) Read timed out ClientConnectionId:67b3e7de-1845-4189-b718-68d792dc5f3e
	at java.base/sun.security.ssl.Alert.createSSLException(Alert.java:126)
	at java.base/sun.security.ssl.TransportContext.fatal(TransportContext.java:376)
	at java.base/sun.security.ssl.TransportContext.fatal(TransportContext.java:319)
	at java.base/sun.security.ssl.TransportContext.fatal(TransportContext.java:314)
	at java.base/sun.security.ssl.SSLTransport.decode(SSLTransport.java:145)
	at java.base/sun.security.ssl.SSLSocketImpl.decode(SSLSocketImpl.java:1506)
	at java.base/sun.security.ssl.SSLSocketImpl.readHandshakeRecord(SSLSocketImpl.java:1421)
	at java.base/sun.security.ssl.SSLSocketImpl.startHandshake(SSLSocketImpl.java:455)
	at java.base/sun.security.ssl.SSLSocketImpl.startHandshake(SSLSocketImpl.java:426)
	at com.microsoft.sqlserver.jdbc.TDSChannel.enableSSL(IOBuffer.java:1854)
	... 38 more
Caused by: java.io.IOException: Read timed out ClientConnectionId:67b3e7de-1845-4189-b718-68d792dc5f3e
	at com.microsoft.sqlserver.jdbc.TDSChannel$SSLHandshakeInputStream.ensureSSLPayload(IOBuffer.java:895)
	at com.microsoft.sqlserver.jdbc.TDSChannel$SSLHandshakeInputStream.readInternal(IOBuffer.java:949)
	at com.microsoft.sqlserver.jdbc.TDSChannel$SSLHandshakeInputStream.read(IOBuffer.java:942)
	at com.microsoft.sqlserver.jdbc.TDSChannel$ProxyInputStream.readInternal(IOBuffer.java:1206)
	at com.microsoft.sqlserver.jdbc.TDSChannel$ProxyInputStream.read(IOBuffer.java:1192)
	at java.base/sun.security.ssl.SSLSocketInputRecord.read(SSLSocketInputRecord.java:489)
	at java.base/sun.security.ssl.SSLSocketInputRecord.readHeader(SSLSocketInputRecord.java:483)
	at java.base/sun.security.ssl.SSLSocketInputRecord.decode(SSLSocketInputRecord.java:160)
	at java.base/sun.security.ssl.SSLTransport.decode(SSLTransport.java:111)
	... 43 more
[2026-07-06 10:51:54][ERROR] 按用户名查询用户失败
java.sql.SQLException: 无法创建新的数据库连接，请检查SQL Server服务、数据库配置及网络连接
	at util.ConnectionPool.getConnection(ConnectionPool.java:96)
	at util.DBUtil.getConnection(DBUtil.java:55)
	at dao.UserDaoImpl.findByUsername(UserDaoImpl.java:19)
	at service.UserService.login(UserService.java:36)
	at ui.LoginFrame.doLogin(LoginFrame.java:172)
	at ui.LoginFrame$1.keyPressed(LoginFrame.java:145)
	at java.desktop/java.awt.Component.processKeyEvent(Component.java:6534)
	at java.desktop/javax.swing.JComponent.processKeyEvent(JComponent.java:2911)
	at java.desktop/java.awt.Component.processEvent(Component.java:6353)
	at java.desktop/java.awt.Container.processEvent(Container.java:2260)
	at java.desktop/java.awt.Component.dispatchEventImpl(Component.java:4958)
	at java.desktop/java.awt.Container.dispatchEventImpl(Container.java:2318)
	at java.desktop/java.awt.Component.dispatchEvent(Component.java:4790)
	at java.desktop/java.awt.KeyboardFocusManager.redispatchEvent(KeyboardFocusManager.java:1829)
	at java.desktop/java.awt.DefaultKeyboardFocusManager.dispatchKeyEvent(DefaultKeyboardFocusManager.java:874)
	at java.desktop/java.awt.DefaultKeyboardFocusManager.preDispatchKeyEvent(DefaultKeyboardFocusManager.java:1136)
	at java.desktop/java.awt.DefaultKeyboardFocusManager.typeAheadAssertions(DefaultKeyboardFocusManager.java:1011)
	at java.desktop/java.awt.DefaultKeyboardFocusManager.dispatchEvent(DefaultKeyboardFocusManager.java:839)
	at java.desktop/java.awt.Component.dispatchEventImpl(Component.java:4839)
	at java.desktop/java.awt.Container.dispatchEventImpl(Container.java:2318)
	at java.desktop/java.awt.Window.dispatchEventImpl(Window.java:2671)
	at java.desktop/java.awt.Component.dispatchEvent(Component.java:4790)
	at java.desktop/java.awt.EventQueue.dispatchEventImpl(EventQueue.java:725)
	at java.desktop/java.awt.EventQueue.dispatchEvent(EventQueue.java:702)
	at java.desktop/java.awt.EventDispatchThread.pumpOneEventForFilters(EventDispatchThread.java:203)
	at java.desktop/java.awt.EventDispatchThread.pumpEventsForFilter(EventDispatchThread.java:124)
	at java.desktop/java.awt.EventDispatchThread.pumpEventsForHierarchy(EventDispatchThread.java:113)
	at java.desktop/java.awt.EventDispatchThread.pumpEvents(EventDispatchThread.java:109)
	at java.desktop/java.awt.EventDispatchThread.pumpEvents(EventDispatchThread.java:101)
	at java.desktop/java.awt.EventDispatchThread.run(EventDispatchThread.java:90)
[2026-07-06 11:02:58][ERROR] 创建数据库连接失败
com.microsoft.sqlserver.jdbc.SQLServerException: “Encrypt”属性设置为“true”且 “trustServerCertificate”属性设置为“true”，但驱动程序无法使用安全套接字层 (SSL) 加密与 SQL Server 建立安全连接:错误:(unexpected_message) Read timed out ClientConnectionId:48bb908e-d4f6-45c1-ab9f-e92488216c7b。
	at com.microsoft.sqlserver.jdbc.SQLServerConnection.terminate(SQLServerConnection.java:4271)
	at com.microsoft.sqlserver.jdbc.TDSChannel.enableSSL(IOBuffer.java:1965)
	at com.microsoft.sqlserver.jdbc.SQLServerConnection.connectHelper(SQLServerConnection.java:3797)
	at com.microsoft.sqlserver.jdbc.SQLServerConnection.login(SQLServerConnection.java:3385)
	at com.microsoft.sqlserver.jdbc.SQLServerConnection.connectInternal(SQLServerConnection.java:3194)
	at com.microsoft.sqlserver.jdbc.SQLServerConnection.connect(SQLServerConnection.java:1971)
	at com.microsoft.sqlserver.jdbc.SQLServerDriver.connect(SQLServerDriver.java:1263)
	at java.sql/java.sql.DriverManager.getConnection(DriverManager.java:613)
	at java.sql/java.sql.DriverManager.getConnection(DriverManager.java:199)
	at util.ConnectionPool.createNewConnection(ConnectionPool.java:69)
	at util.ConnectionPool.initializePool(ConnectionPool.java:55)
	at util.ConnectionPool.<init>(ConnectionPool.java:48)
	at util.DBUtil.<clinit>(DBUtil.java:42)
	at ui.LoginFrame.<init>(LoginFrame.java:36)
	at Main.lambda$main$0(Main.java:29)
	at java.desktop/java.awt.event.InvocationEvent.dispatch(InvocationEvent.java:323)
	at java.desktop/java.awt.EventQueue.dispatchEventImpl(EventQueue.java:723)
	at java.desktop/java.awt.EventQueue.dispatchEvent(EventQueue.java:702)
	at java.desktop/java.awt.EventDispatchThread.pumpOneEventForFilters(EventDispatchThread.java:203)
	at java.desktop/java.awt.EventDispatchThread.pumpEventsForFilter(EventDispatchThread.java:124)
	at java.desktop/java.awt.EventDispatchThread.pumpEventsForHierarchy(EventDispatchThread.java:113)
	at java.desktop/java.awt.EventDispatchThread.pumpEvents(EventDispatchThread.java:109)
	at java.desktop/java.awt.EventDispatchThread.pumpEvents(EventDispatchThread.java:101)
	at java.desktop/java.awt.EventDispatchThread.run(EventDispatchThread.java:90)
Caused by: javax.net.ssl.SSLException: (unexpected_message) Read timed out ClientConnectionId:48bb908e-d4f6-45c1-ab9f-e92488216c7b
	at java.base/sun.security.ssl.Alert.createSSLException(Alert.java:126)
	at java.base/sun.security.ssl.TransportContext.fatal(TransportContext.java:376)
	at java.base/sun.security.ssl.TransportContext.fatal(TransportContext.java:319)
	at java.base/sun.security.ssl.TransportContext.fatal(TransportContext.java:314)
	at java.base/sun.security.ssl.SSLTransport.decode(SSLTransport.java:145)
	at java.base/sun.security.ssl.SSLSocketImpl.decode(SSLSocketImpl.java:1506)
	at java.base/sun.security.ssl.SSLSocketImpl.readHandshakeRecord(SSLSocketImpl.java:1421)
	at java.base/sun.security.ssl.SSLSocketImpl.startHandshake(SSLSocketImpl.java:455)
	at java.base/sun.security.ssl.SSLSocketImpl.startHandshake(SSLSocketImpl.java:426)
	at com.microsoft.sqlserver.jdbc.TDSChannel.enableSSL(IOBuffer.java:1854)
	... 22 more
Caused by: java.io.IOException: Read timed out ClientConnectionId:48bb908e-d4f6-45c1-ab9f-e92488216c7b
	at com.microsoft.sqlserver.jdbc.TDSChannel$SSLHandshakeInputStream.ensureSSLPayload(IOBuffer.java:895)
	at com.microsoft.sqlserver.jdbc.TDSChannel$SSLHandshakeInputStream.readInternal(IOBuffer.java:949)
	at com.microsoft.sqlserver.jdbc.TDSChannel$SSLHandshakeInputStream.read(IOBuffer.java:942)
	at com.microsoft.sqlserver.jdbc.TDSChannel$ProxyInputStream.readInternal(IOBuffer.java:1206)
	at com.microsoft.sqlserver.jdbc.TDSChannel$ProxyInputStream.read(IOBuffer.java:1192)
	at java.base/sun.security.ssl.SSLSocketInputRecord.read(SSLSocketInputRecord.java:489)
	at java.base/sun.security.ssl.SSLSocketInputRecord.readHeader(SSLSocketInputRecord.java:483)
	at java.base/sun.security.ssl.SSLSocketInputRecord.decode(SSLSocketInputRecord.java:160)
	at java.base/sun.security.ssl.SSLTransport.decode(SSLTransport.java:111)
	... 27 more
[2026-07-06 11:03:27][ERROR] 创建数据库连接失败
com.microsoft.sqlserver.jdbc.SQLServerException: Read timed out ClientConnectionId:9eec33c0-20f3-4131-af8f-8ea6a1035c46
	at com.microsoft.sqlserver.jdbc.SQLServerConnection.terminate(SQLServerConnection.java:4271)
	at com.microsoft.sqlserver.jdbc.TDSChannel.read(IOBuffer.java:2175)
	at com.microsoft.sqlserver.jdbc.TDSReader.readPacket(IOBuffer.java:6895)
	at com.microsoft.sqlserver.jdbc.TDSCommand.startResponse(IOBuffer.java:8147)
	at com.microsoft.sqlserver.jdbc.TDSCommand.startResponse(IOBuffer.java:8110)
	at com.microsoft.sqlserver.jdbc.SQLServerConnection.sendLogon(SQLServerConnection.java:6886)
	at com.microsoft.sqlserver.jdbc.SQLServerConnection.logon(SQLServerConnection.java:5434)
	at com.microsoft.sqlserver.jdbc.SQLServerConnection$LogonCommand.doExecute(SQLServerConnection.java:5366)
	at com.microsoft.sqlserver.jdbc.TDSCommand.execute(IOBuffer.java:7745)
	at com.microsoft.sqlserver.jdbc.SQLServerConnection.executeCommand(SQLServerConnection.java:4391)
	at com.microsoft.sqlserver.jdbc.SQLServerConnection.connectHelper(SQLServerConnection.java:3828)
	at com.microsoft.sqlserver.jdbc.SQLServerConnection.login(SQLServerConnection.java:3385)
	at com.microsoft.sqlserver.jdbc.SQLServerConnection.connectInternal(SQLServerConnection.java:3194)
	at com.microsoft.sqlserver.jdbc.SQLServerConnection.connect(SQLServerConnection.java:1971)
	at com.microsoft.sqlserver.jdbc.SQLServerDriver.connect(SQLServerDriver.java:1263)
	at java.sql/java.sql.DriverManager.getConnection(DriverManager.java:613)
	at java.sql/java.sql.DriverManager.getConnection(DriverManager.java:199)
	at util.ConnectionPool.createNewConnection(ConnectionPool.java:69)
	at util.ConnectionPool.initializePool(ConnectionPool.java:55)
	at util.ConnectionPool.<init>(ConnectionPool.java:48)
	at util.DBUtil.<clinit>(DBUtil.java:42)
	at ui.LoginFrame.<init>(LoginFrame.java:36)
	at Main.lambda$main$0(Main.java:29)
	at java.desktop/java.awt.event.InvocationEvent.dispatch(InvocationEvent.java:323)
	at java.desktop/java.awt.EventQueue.dispatchEventImpl(EventQueue.java:723)
	at java.desktop/java.awt.EventQueue.dispatchEvent(EventQueue.java:702)
	at java.desktop/java.awt.EventDispatchThread.pumpOneEventForFilters(EventDispatchThread.java:203)
	at java.desktop/java.awt.EventDispatchThread.pumpEventsForFilter(EventDispatchThread.java:124)
	at java.desktop/java.awt.EventDispatchThread.pumpEventsForHierarchy(EventDispatchThread.java:113)
	at java.desktop/java.awt.EventDispatchThread.pumpEvents(EventDispatchThread.java:109)
	at java.desktop/java.awt.EventDispatchThread.pumpEvents(EventDispatchThread.java:101)
	at java.desktop/java.awt.EventDispatchThread.run(EventDispatchThread.java:90)
Caused by: java.net.SocketTimeoutException: Read timed out
	at java.base/sun.nio.ch.NioSocketImpl.timedRead(NioSocketImpl.java:277)
	at java.base/sun.nio.ch.NioSocketImpl.implRead(NioSocketImpl.java:302)
	at java.base/sun.nio.ch.NioSocketImpl.read(NioSocketImpl.java:354)
	at java.base/sun.nio.ch.NioSocketImpl$1.read(NioSocketImpl.java:798)
	at java.base/java.net.Socket$SocketInputStream.implRead(Socket.java:974)
	at java.base/java.net.Socket$SocketInputStream.read(Socket.java:964)
	at com.microsoft.sqlserver.jdbc.TDSChannel$ProxyInputStream.readInternal(IOBuffer.java:1206)
	at com.microsoft.sqlserver.jdbc.TDSChannel$ProxyInputStream.read(IOBuffer.java:1192)
	at com.microsoft.sqlserver.jdbc.TDSChannel$ProxyInputStream.readInternal(IOBuffer.java:1206)
	at com.microsoft.sqlserver.jdbc.TDSChannel$ProxyInputStream.read(IOBuffer.java:1192)
	at java.base/sun.security.ssl.SSLSocketInputRecord.read(SSLSocketInputRecord.java:489)
	at java.base/sun.security.ssl.SSLSocketInputRecord.readHeader(SSLSocketInputRecord.java:483)
	at java.base/sun.security.ssl.SSLSocketInputRecord.bytesInCompletePacket(SSLSocketInputRecord.java:70)
	at java.base/sun.security.ssl.SSLSocketImpl.readApplicationRecord(SSLSocketImpl.java:1461)
	at java.base/sun.security.ssl.SSLSocketImpl$AppInputStream.read(SSLSocketImpl.java:1068)
	at com.microsoft.sqlserver.jdbc.TDSChannel$ProxyInputStream.readInternal(IOBuffer.java:1206)
	at com.microsoft.sqlserver.jdbc.TDSChannel$ProxyInputStream.read(IOBuffer.java:1192)
	at com.microsoft.sqlserver.jdbc.TDSChannel.read(IOBuffer.java:2166)
	... 30 more
[2026-07-06 11:03:37][ERROR] 创建数据库连接失败
com.microsoft.sqlserver.jdbc.SQLServerException: Read timed out ClientConnectionId:8e1ab930-dd39-4fb6-b3d8-a002efc42af1
	at com.microsoft.sqlserver.jdbc.SQLServerConnection.terminate(SQLServerConnection.java:4271)
	at com.microsoft.sqlserver.jdbc.TDSChannel.read(IOBuffer.java:2175)
	at com.microsoft.sqlserver.jdbc.TDSReader.readPacket(IOBuffer.java:6895)
	at com.microsoft.sqlserver.jdbc.TDSCommand.startResponse(IOBuffer.java:8147)
	at com.microsoft.sqlserver.jdbc.TDSCommand.startResponse(IOBuffer.java:8110)
	at com.microsoft.sqlserver.jdbc.SQLServerConnection.sendLogon(SQLServerConnection.java:6886)
	at com.microsoft.sqlserver.jdbc.SQLServerConnection.logon(SQLServerConnection.java:5434)
	at com.microsoft.sqlserver.jdbc.SQLServerConnection$LogonCommand.doExecute(SQLServerConnection.java:5366)
	at com.microsoft.sqlserver.jdbc.TDSCommand.execute(IOBuffer.java:7745)
	at com.microsoft.sqlserver.jdbc.SQLServerConnection.executeCommand(SQLServerConnection.java:4391)
	at com.microsoft.sqlserver.jdbc.SQLServerConnection.connectHelper(SQLServerConnection.java:3828)
	at com.microsoft.sqlserver.jdbc.SQLServerConnection.login(SQLServerConnection.java:3385)
	at com.microsoft.sqlserver.jdbc.SQLServerConnection.connectInternal(SQLServerConnection.java:3194)
	at com.microsoft.sqlserver.jdbc.SQLServerConnection.connect(SQLServerConnection.java:1971)
	at com.microsoft.sqlserver.jdbc.SQLServerDriver.connect(SQLServerDriver.java:1263)
	at java.sql/java.sql.DriverManager.getConnection(DriverManager.java:613)
	at java.sql/java.sql.DriverManager.getConnection(DriverManager.java:199)
	at util.ConnectionPool.createNewConnection(ConnectionPool.java:69)
	at util.ConnectionPool.initializePool(ConnectionPool.java:55)
	at util.ConnectionPool.<init>(ConnectionPool.java:48)
	at util.DBUtil.<clinit>(DBUtil.java:42)
	at ui.LoginFrame.<init>(LoginFrame.java:36)
	at Main.lambda$main$0(Main.java:29)
	at java.desktop/java.awt.event.InvocationEvent.dispatch(InvocationEvent.java:323)
	at java.desktop/java.awt.EventQueue.dispatchEventImpl(EventQueue.java:723)
	at java.desktop/java.awt.EventQueue.dispatchEvent(EventQueue.java:702)
	at java.desktop/java.awt.EventDispatchThread.pumpOneEventForFilters(EventDispatchThread.java:203)
	at java.desktop/java.awt.EventDispatchThread.pumpEventsForFilter(EventDispatchThread.java:124)
	at java.desktop/java.awt.EventDispatchThread.pumpEventsForHierarchy(EventDispatchThread.java:113)
	at java.desktop/java.awt.EventDispatchThread.pumpEvents(EventDispatchThread.java:109)
	at java.desktop/java.awt.EventDispatchThread.pumpEvents(EventDispatchThread.java:101)
	at java.desktop/java.awt.EventDispatchThread.run(EventDispatchThread.java:90)
Caused by: java.net.SocketTimeoutException: Read timed out
	at java.base/sun.nio.ch.NioSocketImpl.timedRead(NioSocketImpl.java:277)
	at java.base/sun.nio.ch.NioSocketImpl.implRead(NioSocketImpl.java:302)
	at java.base/sun.nio.ch.NioSocketImpl.read(NioSocketImpl.java:354)
	at java.base/sun.nio.ch.NioSocketImpl$1.read(NioSocketImpl.java:798)
	at java.base/java.net.Socket$SocketInputStream.implRead(Socket.java:974)
	at java.base/java.net.Socket$SocketInputStream.read(Socket.java:964)
	at com.microsoft.sqlserver.jdbc.TDSChannel$ProxyInputStream.readInternal(IOBuffer.java:1206)
	at com.microsoft.sqlserver.jdbc.TDSChannel$ProxyInputStream.read(IOBuffer.java:1192)
	at com.microsoft.sqlserver.jdbc.TDSChannel$ProxyInputStream.readInternal(IOBuffer.java:1206)
	at com.microsoft.sqlserver.jdbc.TDSChannel$ProxyInputStream.read(IOBuffer.java:1192)
	at java.base/sun.security.ssl.SSLSocketInputRecord.read(SSLSocketInputRecord.java:489)
	at java.base/sun.security.ssl.SSLSocketInputRecord.readHeader(SSLSocketInputRecord.java:483)
	at java.base/sun.security.ssl.SSLSocketInputRecord.bytesInCompletePacket(SSLSocketInputRecord.java:70)
	at java.base/sun.security.ssl.SSLSocketImpl.readApplicationRecord(SSLSocketImpl.java:1461)
	at java.base/sun.security.ssl.SSLSocketImpl$AppInputStream.read(SSLSocketImpl.java:1068)
	at com.microsoft.sqlserver.jdbc.TDSChannel$ProxyInputStream.readInternal(IOBuffer.java:1206)
	at com.microsoft.sqlserver.jdbc.TDSChannel$ProxyInputStream.read(IOBuffer.java:1192)
	at com.microsoft.sqlserver.jdbc.TDSChannel.read(IOBuffer.java:2166)
	... 30 more
[2026-07-06 11:03:47][ERROR] 创建数据库连接失败
com.microsoft.sqlserver.jdbc.SQLServerException: Read timed out ClientConnectionId:85a4df6e-d641-418b-a0f2-4d1a0056393a
	at com.microsoft.sqlserver.jdbc.SQLServerConnection.terminate(SQLServerConnection.java:4271)
	at com.microsoft.sqlserver.jdbc.TDSChannel.read(IOBuffer.java:2175)
	at com.microsoft.sqlserver.jdbc.TDSReader.readPacket(IOBuffer.java:6895)
	at com.microsoft.sqlserver.jdbc.TDSCommand.startResponse(IOBuffer.java:8147)
	at com.microsoft.sqlserver.jdbc.TDSCommand.startResponse(IOBuffer.java:8110)
	at com.microsoft.sqlserver.jdbc.SQLServerConnection.sendLogon(SQLServerConnection.java:6886)
	at com.microsoft.sqlserver.jdbc.SQLServerConnection.logon(SQLServerConnection.java:5434)
	at com.microsoft.sqlserver.jdbc.SQLServerConnection$LogonCommand.doExecute(SQLServerConnection.java:5366)
	at com.microsoft.sqlserver.jdbc.TDSCommand.execute(IOBuffer.java:7745)
	at com.microsoft.sqlserver.jdbc.SQLServerConnection.executeCommand(SQLServerConnection.java:4391)
	at com.microsoft.sqlserver.jdbc.SQLServerConnection.connectHelper(SQLServerConnection.java:3828)
	at com.microsoft.sqlserver.jdbc.SQLServerConnection.login(SQLServerConnection.java:3385)
	at com.microsoft.sqlserver.jdbc.SQLServerConnection.connectInternal(SQLServerConnection.java:3194)
	at com.microsoft.sqlserver.jdbc.SQLServerConnection.connect(SQLServerConnection.java:1971)
	at com.microsoft.sqlserver.jdbc.SQLServerDriver.connect(SQLServerDriver.java:1263)
	at java.sql/java.sql.DriverManager.getConnection(DriverManager.java:613)
	at java.sql/java.sql.DriverManager.getConnection(DriverManager.java:199)
	at util.ConnectionPool.createNewConnection(ConnectionPool.java:69)
	at util.ConnectionPool.initializePool(ConnectionPool.java:55)
	at util.ConnectionPool.<init>(ConnectionPool.java:48)
	at util.DBUtil.<clinit>(DBUtil.java:42)
	at ui.LoginFrame.<init>(LoginFrame.java:36)
	at Main.lambda$main$0(Main.java:29)
	at java.desktop/java.awt.event.InvocationEvent.dispatch(InvocationEvent.java:323)
	at java.desktop/java.awt.EventQueue.dispatchEventImpl(EventQueue.java:723)
	at java.desktop/java.awt.EventQueue.dispatchEvent(EventQueue.java:702)
	at java.desktop/java.awt.EventDispatchThread.pumpOneEventForFilters(EventDispatchThread.java:203)
	at java.desktop/java.awt.EventDispatchThread.pumpEventsForFilter(EventDispatchThread.java:124)
	at java.desktop/java.awt.EventDispatchThread.pumpEventsForHierarchy(EventDispatchThread.java:113)
	at java.desktop/java.awt.EventDispatchThread.pumpEvents(EventDispatchThread.java:109)
	at java.desktop/java.awt.EventDispatchThread.pumpEvents(EventDispatchThread.java:101)
	at java.desktop/java.awt.EventDispatchThread.run(EventDispatchThread.java:90)
Caused by: java.net.SocketTimeoutException: Read timed out
	at java.base/sun.nio.ch.NioSocketImpl.timedRead(NioSocketImpl.java:277)
	at java.base/sun.nio.ch.NioSocketImpl.implRead(NioSocketImpl.java:302)
	at java.base/sun.nio.ch.NioSocketImpl.read(NioSocketImpl.java:354)
	at java.base/sun.nio.ch.NioSocketImpl$1.read(NioSocketImpl.java:798)
	at java.base/java.net.Socket$SocketInputStream.implRead(Socket.java:974)
	at java.base/java.net.Socket$SocketInputStream.read(Socket.java:964)
	at com.microsoft.sqlserver.jdbc.TDSChannel$ProxyInputStream.readInternal(IOBuffer.java:1206)
	at com.microsoft.sqlserver.jdbc.TDSChannel$ProxyInputStream.read(IOBuffer.java:1192)
	at com.microsoft.sqlserver.jdbc.TDSChannel$ProxyInputStream.readInternal(IOBuffer.java:1206)
	at com.microsoft.sqlserver.jdbc.TDSChannel$ProxyInputStream.read(IOBuffer.java:1192)
	at java.base/sun.security.ssl.SSLSocketInputRecord.read(SSLSocketInputRecord.java:489)
	at java.base/sun.security.ssl.SSLSocketInputRecord.readHeader(SSLSocketInputRecord.java:483)
	at java.base/sun.security.ssl.SSLSocketInputRecord.bytesInCompletePacket(SSLSocketInputRecord.java:70)
	at java.base/sun.security.ssl.SSLSocketImpl.readApplicationRecord(SSLSocketImpl.java:1461)
	at java.base/sun.security.ssl.SSLSocketImpl$AppInputStream.read(SSLSocketImpl.java:1068)
	at com.microsoft.sqlserver.jdbc.TDSChannel$ProxyInputStream.readInternal(IOBuffer.java:1206)
	at com.microsoft.sqlserver.jdbc.TDSChannel$ProxyInputStream.read(IOBuffer.java:1192)
	at com.microsoft.sqlserver.jdbc.TDSChannel.read(IOBuffer.java:2166)
	... 30 more
[2026-07-06 11:03:57][ERROR] 创建数据库连接失败
com.microsoft.sqlserver.jdbc.SQLServerException: Read timed out ClientConnectionId:e2423202-5623-4fbf-9f5d-866a571ebe74
	at com.microsoft.sqlserver.jdbc.SQLServerConnection.terminate(SQLServerConnection.java:4271)
	at com.microsoft.sqlserver.jdbc.TDSChannel.read(IOBuffer.java:2175)
	at com.microsoft.sqlserver.jdbc.TDSReader.readPacket(IOBuffer.java:6895)
	at com.microsoft.sqlserver.jdbc.TDSCommand.startResponse(IOBuffer.java:8147)
	at com.microsoft.sqlserver.jdbc.TDSCommand.startResponse(IOBuffer.java:8110)
	at com.microsoft.sqlserver.jdbc.SQLServerConnection.sendLogon(SQLServerConnection.java:6886)
	at com.microsoft.sqlserver.jdbc.SQLServerConnection.logon(SQLServerConnection.java:5434)
	at com.microsoft.sqlserver.jdbc.SQLServerConnection$LogonCommand.doExecute(SQLServerConnection.java:5366)
	at com.microsoft.sqlserver.jdbc.TDSCommand.execute(IOBuffer.java:7745)
	at com.microsoft.sqlserver.jdbc.SQLServerConnection.executeCommand(SQLServerConnection.java:4391)
	at com.microsoft.sqlserver.jdbc.SQLServerConnection.connectHelper(SQLServerConnection.java:3828)
	at com.microsoft.sqlserver.jdbc.SQLServerConnection.login(SQLServerConnection.java:3385)
	at com.microsoft.sqlserver.jdbc.SQLServerConnection.connectInternal(SQLServerConnection.java:3194)
	at com.microsoft.sqlserver.jdbc.SQLServerConnection.connect(SQLServerConnection.java:1971)
	at com.microsoft.sqlserver.jdbc.SQLServerDriver.connect(SQLServerDriver.java:1263)
	at java.sql/java.sql.DriverManager.getConnection(DriverManager.java:613)
	at java.sql/java.sql.DriverManager.getConnection(DriverManager.java:199)
	at util.ConnectionPool.createNewConnection(ConnectionPool.java:69)
	at util.ConnectionPool.initializePool(ConnectionPool.java:55)
	at util.ConnectionPool.<init>(ConnectionPool.java:48)
	at util.DBUtil.<clinit>(DBUtil.java:42)
	at ui.LoginFrame.<init>(LoginFrame.java:36)
	at Main.lambda$main$0(Main.java:29)
	at java.desktop/java.awt.event.InvocationEvent.dispatch(InvocationEvent.java:323)
	at java.desktop/java.awt.EventQueue.dispatchEventImpl(EventQueue.java:723)
	at java.desktop/java.awt.EventQueue.dispatchEvent(EventQueue.java:702)
	at java.desktop/java.awt.EventDispatchThread.pumpOneEventForFilters(EventDispatchThread.java:203)
	at java.desktop/java.awt.EventDispatchThread.pumpEventsForFilter(EventDispatchThread.java:124)
	at java.desktop/java.awt.EventDispatchThread.pumpEventsForHierarchy(EventDispatchThread.java:113)
	at java.desktop/java.awt.EventDispatchThread.pumpEvents(EventDispatchThread.java:109)
	at java.desktop/java.awt.EventDispatchThread.pumpEvents(EventDispatchThread.java:101)
	at java.desktop/java.awt.EventDispatchThread.run(EventDispatchThread.java:90)
Caused by: java.net.SocketTimeoutException: Read timed out
	at java.base/sun.nio.ch.NioSocketImpl.timedRead(NioSocketImpl.java:277)
	at java.base/sun.nio.ch.NioSocketImpl.implRead(NioSocketImpl.java:302)
	at java.base/sun.nio.ch.NioSocketImpl.read(NioSocketImpl.java:354)
	at java.base/sun.nio.ch.NioSocketImpl$1.read(NioSocketImpl.java:798)
	at java.base/java.net.Socket$SocketInputStream.implRead(Socket.java:974)
	at java.base/java.net.Socket$SocketInputStream.read(Socket.java:964)
	at com.microsoft.sqlserver.jdbc.TDSChannel$ProxyInputStream.readInternal(IOBuffer.java:1206)
	at com.microsoft.sqlserver.jdbc.TDSChannel$ProxyInputStream.read(IOBuffer.java:1192)
	at com.microsoft.sqlserver.jdbc.TDSChannel$ProxyInputStream.readInternal(IOBuffer.java:1206)
	at com.microsoft.sqlserver.jdbc.TDSChannel$ProxyInputStream.read(IOBuffer.java:1192)
	at java.base/sun.security.ssl.SSLSocketInputRecord.read(SSLSocketInputRecord.java:489)
	at java.base/sun.security.ssl.SSLSocketInputRecord.readHeader(SSLSocketInputRecord.java:483)
	at java.base/sun.security.ssl.SSLSocketInputRecord.bytesInCompletePacket(SSLSocketInputRecord.java:70)
	at java.base/sun.security.ssl.SSLSocketImpl.readApplicationRecord(SSLSocketImpl.java:1461)
	at java.base/sun.security.ssl.SSLSocketImpl$AppInputStream.read(SSLSocketImpl.java:1068)
	at com.microsoft.sqlserver.jdbc.TDSChannel$ProxyInputStream.readInternal(IOBuffer.java:1206)
	at com.microsoft.sqlserver.jdbc.TDSChannel$ProxyInputStream.read(IOBuffer.java:1192)
	at com.microsoft.sqlserver.jdbc.TDSChannel.read(IOBuffer.java:2166)
	... 30 more
[2026-07-06 11:04:08][ERROR] 创建数据库连接失败
com.microsoft.sqlserver.jdbc.SQLServerException: Read timed out ClientConnectionId:0b6e2ce2-809f-4cf1-be64-48aa2b20559b
	at com.microsoft.sqlserver.jdbc.SQLServerConnection.terminate(SQLServerConnection.java:4271)
	at com.microsoft.sqlserver.jdbc.TDSChannel.read(IOBuffer.java:2175)
	at com.microsoft.sqlserver.jdbc.TDSReader.readPacket(IOBuffer.java:6895)
	at com.microsoft.sqlserver.jdbc.TDSCommand.startResponse(IOBuffer.java:8147)
	at com.microsoft.sqlserver.jdbc.TDSCommand.startResponse(IOBuffer.java:8110)
	at com.microsoft.sqlserver.jdbc.SQLServerConnection.sendLogon(SQLServerConnection.java:6886)
	at com.microsoft.sqlserver.jdbc.SQLServerConnection.logon(SQLServerConnection.java:5434)
	at com.microsoft.sqlserver.jdbc.SQLServerConnection$LogonCommand.doExecute(SQLServerConnection.java:5366)
	at com.microsoft.sqlserver.jdbc.TDSCommand.execute(IOBuffer.java:7745)
	at com.microsoft.sqlserver.jdbc.SQLServerConnection.executeCommand(SQLServerConnection.java:4391)
	at com.microsoft.sqlserver.jdbc.SQLServerConnection.connectHelper(SQLServerConnection.java:3828)
	at com.microsoft.sqlserver.jdbc.SQLServerConnection.login(SQLServerConnection.java:3385)
	at com.microsoft.sqlserver.jdbc.SQLServerConnection.connectInternal(SQLServerConnection.java:3194)
	at com.microsoft.sqlserver.jdbc.SQLServerConnection.connect(SQLServerConnection.java:1971)
	at com.microsoft.sqlserver.jdbc.SQLServerDriver.connect(SQLServerDriver.java:1263)
	at java.sql/java.sql.DriverManager.getConnection(DriverManager.java:613)
	at java.sql/java.sql.DriverManager.getConnection(DriverManager.java:199)
	at util.ConnectionPool.createNewConnection(ConnectionPool.java:69)
	at util.ConnectionPool.initializePool(ConnectionPool.java:55)
	at util.ConnectionPool.<init>(ConnectionPool.java:48)
	at util.DBUtil.<clinit>(DBUtil.java:42)
	at ui.LoginFrame.<init>(LoginFrame.java:36)
	at Main.lambda$main$0(Main.java:29)
	at java.desktop/java.awt.event.InvocationEvent.dispatch(InvocationEvent.java:323)
	at java.desktop/java.awt.EventQueue.dispatchEventImpl(EventQueue.java:723)
	at java.desktop/java.awt.EventQueue.dispatchEvent(EventQueue.java:702)
	at java.desktop/java.awt.EventDispatchThread.pumpOneEventForFilters(EventDispatchThread.java:203)
	at java.desktop/java.awt.EventDispatchThread.pumpEventsForFilter(EventDispatchThread.java:124)
	at java.desktop/java.awt.EventDispatchThread.pumpEventsForHierarchy(EventDispatchThread.java:113)
	at java.desktop/java.awt.EventDispatchThread.pumpEvents(EventDispatchThread.java:109)
	at java.desktop/java.awt.EventDispatchThread.pumpEvents(EventDispatchThread.java:101)
	at java.desktop/java.awt.EventDispatchThread.run(EventDispatchThread.java:90)
Caused by: java.net.SocketTimeoutException: Read timed out
	at java.base/sun.nio.ch.NioSocketImpl.timedRead(NioSocketImpl.java:277)
	at java.base/sun.nio.ch.NioSocketImpl.implRead(NioSocketImpl.java:302)
	at java.base/sun.nio.ch.NioSocketImpl.read(NioSocketImpl.java:354)
	at java.base/sun.nio.ch.NioSocketImpl$1.read(NioSocketImpl.java:798)
	at java.base/java.net.Socket$SocketInputStream.implRead(Socket.java:974)
	at java.base/java.net.Socket$SocketInputStream.read(Socket.java:964)
	at com.microsoft.sqlserver.jdbc.TDSChannel$ProxyInputStream.readInternal(IOBuffer.java:1206)
	at com.microsoft.sqlserver.jdbc.TDSChannel$ProxyInputStream.read(IOBuffer.java:1192)
	at com.microsoft.sqlserver.jdbc.TDSChannel$ProxyInputStream.readInternal(IOBuffer.java:1206)
	at com.microsoft.sqlserver.jdbc.TDSChannel$ProxyInputStream.read(IOBuffer.java:1192)
	at java.base/sun.security.ssl.SSLSocketInputRecord.read(SSLSocketInputRecord.java:489)
	at java.base/sun.security.ssl.SSLSocketInputRecord.readHeader(SSLSocketInputRecord.java:483)
	at java.base/sun.security.ssl.SSLSocketInputRecord.bytesInCompletePacket(SSLSocketInputRecord.java:70)
	at java.base/sun.security.ssl.SSLSocketImpl.readApplicationRecord(SSLSocketImpl.java:1461)
	at java.base/sun.security.ssl.SSLSocketImpl$AppInputStream.read(SSLSocketImpl.java:1068)
	at com.microsoft.sqlserver.jdbc.TDSChannel$ProxyInputStream.readInternal(IOBuffer.java:1206)
	at com.microsoft.sqlserver.jdbc.TDSChannel$ProxyInputStream.read(IOBuffer.java:1192)
	at com.microsoft.sqlserver.jdbc.TDSChannel.read(IOBuffer.java:2166)
	... 30 more
[2026-07-06 11:04:08][INFO] 连接池初始化完成，初始连接数: 0
[2026-07-06 11:04:18][ERROR] 创建数据库连接失败
com.microsoft.sqlserver.jdbc.SQLServerException: Read timed out ClientConnectionId:8d81f7fc-6f23-4662-9049-594437d20429
	at com.microsoft.sqlserver.jdbc.SQLServerConnection.terminate(SQLServerConnection.java:4271)
	at com.microsoft.sqlserver.jdbc.TDSChannel.read(IOBuffer.java:2175)
	at com.microsoft.sqlserver.jdbc.TDSReader.readPacket(IOBuffer.java:6895)
	at com.microsoft.sqlserver.jdbc.TDSCommand.startResponse(IOBuffer.java:8147)
	at com.microsoft.sqlserver.jdbc.TDSCommand.startResponse(IOBuffer.java:8110)
	at com.microsoft.sqlserver.jdbc.SQLServerConnection.sendLogon(SQLServerConnection.java:6886)
	at com.microsoft.sqlserver.jdbc.SQLServerConnection.logon(SQLServerConnection.java:5434)
	at com.microsoft.sqlserver.jdbc.SQLServerConnection$LogonCommand.doExecute(SQLServerConnection.java:5366)
	at com.microsoft.sqlserver.jdbc.TDSCommand.execute(IOBuffer.java:7745)
	at com.microsoft.sqlserver.jdbc.SQLServerConnection.executeCommand(SQLServerConnection.java:4391)
	at com.microsoft.sqlserver.jdbc.SQLServerConnection.connectHelper(SQLServerConnection.java:3828)
	at com.microsoft.sqlserver.jdbc.SQLServerConnection.login(SQLServerConnection.java:3385)
	at com.microsoft.sqlserver.jdbc.SQLServerConnection.connectInternal(SQLServerConnection.java:3194)
	at com.microsoft.sqlserver.jdbc.SQLServerConnection.connect(SQLServerConnection.java:1971)
	at com.microsoft.sqlserver.jdbc.SQLServerDriver.connect(SQLServerDriver.java:1263)
	at java.sql/java.sql.DriverManager.getConnection(DriverManager.java:613)
	at java.sql/java.sql.DriverManager.getConnection(DriverManager.java:199)
	at util.ConnectionPool.createNewConnection(ConnectionPool.java:69)
	at util.ConnectionPool.getConnection(ConnectionPool.java:91)
	at util.DBUtil.getConnection(DBUtil.java:56)
	at util.DBUtil.testConnection(DBUtil.java:78)
	at ui.LoginFrame.<init>(LoginFrame.java:36)
	at Main.lambda$main$0(Main.java:29)
	at java.desktop/java.awt.event.InvocationEvent.dispatch(InvocationEvent.java:323)
	at java.desktop/java.awt.EventQueue.dispatchEventImpl(EventQueue.java:723)
	at java.desktop/java.awt.EventQueue.dispatchEvent(EventQueue.java:702)
	at java.desktop/java.awt.EventDispatchThread.pumpOneEventForFilters(EventDispatchThread.java:203)
	at java.desktop/java.awt.EventDispatchThread.pumpEventsForFilter(EventDispatchThread.java:124)
	at java.desktop/java.awt.EventDispatchThread.pumpEventsForHierarchy(EventDispatchThread.java:113)
	at java.desktop/java.awt.EventDispatchThread.pumpEvents(EventDispatchThread.java:109)
	at java.desktop/java.awt.EventDispatchThread.pumpEvents(EventDispatchThread.java:101)
	at java.desktop/java.awt.EventDispatchThread.run(EventDispatchThread.java:90)
Caused by: java.net.SocketTimeoutException: Read timed out
	at java.base/sun.nio.ch.NioSocketImpl.timedRead(NioSocketImpl.java:277)
	at java.base/sun.nio.ch.NioSocketImpl.implRead(NioSocketImpl.java:302)
	at java.base/sun.nio.ch.NioSocketImpl.read(NioSocketImpl.java:354)
	at java.base/sun.nio.ch.NioSocketImpl$1.read(NioSocketImpl.java:798)
	at java.base/java.net.Socket$SocketInputStream.implRead(Socket.java:974)
	at java.base/java.net.Socket$SocketInputStream.read(Socket.java:964)
	at com.microsoft.sqlserver.jdbc.TDSChannel$ProxyInputStream.readInternal(IOBuffer.java:1206)
	at com.microsoft.sqlserver.jdbc.TDSChannel$ProxyInputStream.read(IOBuffer.java:1192)
	at com.microsoft.sqlserver.jdbc.TDSChannel$ProxyInputStream.readInternal(IOBuffer.java:1206)
	at com.microsoft.sqlserver.jdbc.TDSChannel$ProxyInputStream.read(IOBuffer.java:1192)
	at java.base/sun.security.ssl.SSLSocketInputRecord.read(SSLSocketInputRecord.java:489)
	at java.base/sun.security.ssl.SSLSocketInputRecord.readHeader(SSLSocketInputRecord.java:483)
	at java.base/sun.security.ssl.SSLSocketInputRecord.bytesInCompletePacket(SSLSocketInputRecord.java:70)
	at java.base/sun.security.ssl.SSLSocketImpl.readApplicationRecord(SSLSocketImpl.java:1461)
	at java.base/sun.security.ssl.SSLSocketImpl$AppInputStream.read(SSLSocketImpl.java:1068)
	at com.microsoft.sqlserver.jdbc.TDSChannel$ProxyInputStream.readInternal(IOBuffer.java:1206)
	at com.microsoft.sqlserver.jdbc.TDSChannel$ProxyInputStream.read(IOBuffer.java:1192)
	at com.microsoft.sqlserver.jdbc.TDSChannel.read(IOBuffer.java:2166)
	... 30 more
[2026-07-06 11:04:18][ERROR] 数据库连接测试失败
java.sql.SQLException: 无法创建新的数据库连接，请检查SQL Server服务、数据库配置及网络连接
	at util.ConnectionPool.getConnection(ConnectionPool.java:96)
	at util.DBUtil.getConnection(DBUtil.java:56)
	at util.DBUtil.testConnection(DBUtil.java:78)
	at ui.LoginFrame.<init>(LoginFrame.java:36)
	at Main.lambda$main$0(Main.java:29)
	at java.desktop/java.awt.event.InvocationEvent.dispatch(InvocationEvent.java:323)
	at java.desktop/java.awt.EventQueue.dispatchEventImpl(EventQueue.java:723)
	at java.desktop/java.awt.EventQueue.dispatchEvent(EventQueue.java:702)
	at java.desktop/java.awt.EventDispatchThread.pumpOneEventForFilters(EventDispatchThread.java:203)
	at java.desktop/java.awt.EventDispatchThread.pumpEventsForFilter(EventDispatchThread.java:124)
	at java.desktop/java.awt.EventDispatchThread.pumpEventsForHierarchy(EventDispatchThread.java:113)
	at java.desktop/java.awt.EventDispatchThread.pumpEvents(EventDispatchThread.java:109)
	at java.desktop/java.awt.EventDispatchThread.pumpEvents(EventDispatchThread.java:101)
	at java.desktop/java.awt.EventDispatchThread.run(EventDispatchThread.java:90)
